symbol,exchange,status,data_rows_2018_2025,source,first_date,last_date,total_trading_days,avg_volume,listing_phase,organ_name,icb_code1,icb_code2,icb_code3,icb_code4,icb_name2,icb_name3,icb_name4
AAA,HOSE,ACTIVE,1999,symbols_by_exchange,2018-01-02,2025-12-31,1999,3503631.5577788893,FULL_PERIOD,Công ty Cổ phần Nhựa An Phát Xanh,1000,1300,1350,1353,Hóa chất,Hóa chất,"Nhựa, cao su & sợi"
AAM,HOSE,ACTIVE,1988,symbols_by_exchange,2018-01-02,2025-12-31,1988,8250.485412474849,FULL_PERIOD,Công ty Cổ Phần Thủy Sản MeKong,3000,3500,3570,3573,Thực phẩm và đồ uống,Sản xuất thực phẩm,Nuôi trồng nông & hải sản
AAT,HOSE,ACTIVE,1195,symbols_by_exchange,2021-03-24,2025-12-31,1195,513601.2987447699,IPO_DURING_PERIOD,Công ty Cổ phần Tập đoàn Tiên Sơn Thanh Hóa,3000,3700,3760,3763,Hàng cá nhân & Gia dụng,Hàng cá nhân,Hàng May mặc
ABR,HOSE,ACTIVE,1773,symbols_by_exchange,2018-06-13,2025-12-31,1773,2617.41342357586,FULL_PERIOD,Công ty Cổ phần Đầu tư Nhãn Hiệu Việt,2000,2700,2790,2791,Hàng & Dịch vụ Công nghiệp,Tư vấn & Hỗ trợ Kinh doanh,Tư vấn & Hỗ trợ KD
ABS,HOSE,ACTIVE,1450,symbols_by_exchange,2020-03-18,2025-12-31,1450,653363.6034482758,IPO_DURING_PERIOD,Công ty Cổ phần Dịch vụ Nông nghiệp Bình Thuận,1000,1300,1350,1357,Hóa chất,Hóa chất,"Sản phẩm hóa dầu, Nông dược & Hóa chất khác"
ABT,HOSE,ACTIVE,1991,symbols_by_exchange,2018-01-02,2025-12-31,1991,3040.6649924660974,FULL_PERIOD,Công ty Cổ phần Xuất nhập khẩu Thủy sản Bến Tre,3000,3500,3570,3573,Thực phẩm và đồ uống,Sản xuất thực phẩm,Nuôi trồng nông & hải sản
ACB,HOSE,ACTIVE,1994,symbols_by_exchange,2018-01-02,2025-12-31,1994,6407129.261785356,FULL_PERIOD,Ngân hàng Thương mại Cổ phần Á Châu,8301,8300,8350,8355,Ngân hàng,Ngân hàng,Ngân hàng
ACC,HOSE,ACTIVE,1998,symbols_by_exchange,2018-01-02,2025-12-31,1998,58031.42142142142,FULL_PERIOD,Công ty Cổ phần Đầu tư và Xây dựng Bình Dương ACC,2000,2300,2350,2353,Xây dựng và Vật liệu,Xây dựng và Vật liệu,Vật liệu xây dựng & Nội thất
ACG,HOSE,ACTIVE,1090,symbols_by_exchange,2021-08-04,2025-12-31,1090,33229.21467889908,IPO_DURING_PERIOD,Công ty Cổ phần Gỗ An Cường,1000,1700,1730,1733,Tài nguyên Cơ bản,Lâm nghiệp và Giấy,Lâm sản và Chế biến gỗ
ACL,HOSE,ACTIVE,1998,symbols_by_exchange,2018-01-02,2025-12-31,1998,85178.56456456457,FULL_PERIOD,Công ty Cổ phần Xuất nhập khẩu Thủy sản Cửu Long An Giang,3000,3500,3570,3573,Thực phẩm và đồ uống,Sản xuất thực phẩm,Nuôi trồng nông & hải sản
ADG,HOSE,ACTIVE,1480,symbols_by_exchange,2019-12-26,2025-12-31,1480,42215.73918918919,FULL_PERIOD,Công ty Cổ phần Clever Group,5000,5500,5550,5555,Truyền thông,Truyền thông,Dịch vụ truyền thông
ADP,HOSE,ACTIVE,1904,symbols_by_exchange,2018-01-02,2025-12-31,1904,3188.9490546218485,FULL_PERIOD,Công ty Cổ phần Sơn Á Đông,2000,2300,2350,2353,Xây dựng và Vật liệu,Xây dựng và Vật liệu,Vật liệu xây dựng & Nội thất
ADS,HOSE,ACTIVE,1998,symbols_by_exchange,2018-01-02,2025-12-31,1998,262355.8668668669,FULL_PERIOD,Công ty Cổ phần DAMSAN,3000,3700,3760,3763,Hàng cá nhân & Gia dụng,Hàng cá nhân,Hàng May mặc
AFX,HOSE,ACTIVE,1964,symbols_by_exchange,2018-01-02,2025-12-31,1964,108004.88187372709,FULL_PERIOD,Công ty Cổ phần Xuất Nhập khẩu Nông sản Thực phẩm An Giang,5000,5300,5330,5337,Bán lẻ,Phân phối thực phẩm & dược phẩm,Phân phối thực phẩm
AGG,HOSE,ACTIVE,1494,symbols_by_exchange,2020-01-09,2025-12-31,1494,726074.2543507363,FULL_PERIOD,Công ty Cổ phần Đầu tư và Phát triển Bất động sản An Gia,8000,8600,8630,8633,Bất động sản,Bất động sản,Bất động sản
AGR,HOSE,ACTIVE,1999,symbols_by_exchange,2018-01-02,2025-12-31,1999,1121420.9324662331,FULL_PERIOD,Công ty Cổ phần Chứng khoán AGRIBANK,8000,8700,8770,8777,Dịch vụ tài chính,Dịch vụ tài chính,Môi giới chứng khoán
ANT,HOSE,ACTIVE,1957,symbols_by_exchange,2018-01-02,2025-12-31,1957,12005.1819110884,FULL_PERIOD,Công ty Cổ phần Rau quả Thực phẩm An Giang,3000,3500,3570,3577,Thực phẩm và đồ uống,Sản xuất thực phẩm,Thực phẩm
ANV,HOSE,ACTIVE,1999,symbols_by_exchange,2018-01-02,2025-12-31,1999,1189334.8299149575,FULL_PERIOD,Công ty Cổ phần Nam Việt,3000,3500,3570,3573,Thực phẩm và đồ uống,Sản xuất thực phẩm,Nuôi trồng nông & hải sản
APG,HOSE,ACTIVE,1999,symbols_by_exchange,2018-01-02,2025-12-31,1999,1066956.916458229,FULL_PERIOD,Công ty Cổ phần Chứng khoán APG,8000,8700,8770,8777,Dịch vụ tài chính,Dịch vụ tài chính,Môi giới chứng khoán
APH,HOSE,ACTIVE,1359,symbols_by_exchange,2020-07-28,2025-12-31,1359,1729543.152317881,IPO_DURING_PERIOD,Công ty Cổ phần Tập đoàn An Phát Holdings,2000,2700,2720,2723,Hàng & Dịch vụ Công nghiệp,Hàng công nghiệp,Containers & Đóng gói
ASG,HOSE,ACTIVE,1260,symbols_by_exchange,2020-09-24,2025-12-30,1260,11219.69761904762,IPO_DURING_PERIOD,Công ty Cổ phần Tập đoàn ASG,2000,2700,2770,2777,Hàng & Dịch vụ Công nghiệp,Vận tải,"Kho bãi, hậu cần và bảo dưỡng"
ASM,HOSE,ACTIVE,1999,symbols_by_exchange,2018-01-02,2025-12-31,1999,3061474.1310655326,FULL_PERIOD,Công ty Cổ phần Tập đoàn Sao Mai,3000,3500,3570,3573,Thực phẩm và đồ uống,Sản xuất thực phẩm,Nuôi trồng nông & hải sản
ASP,HOSE,ACTIVE,1998,symbols_by_exchange,2018-01-02,2025-12-31,1998,94608.7092092092,FULL_PERIOD,Công ty Cổ phần Tập đoàn Dầu khí An Pha,7000,7500,7570,7573,"Điện, nước & xăng dầu khí đốt",Nước & Khí đốt,Phân phối xăng dầu & khí đốt
AST,HOSE,ACTIVE,1997,symbols_by_exchange,2018-01-04,2025-12-31,1997,51053.90635953931,FULL_PERIOD,Công ty Cổ phần Dịch vụ Hàng không Taseco,5000,5300,5370,5379,Bán lẻ,Bán lẻ,Phân phối hàng chuyên dụng
BAF,HOSE,ACTIVE,1018,symbols_by_exchange,2021-12-03,2025-12-31,1018,2883944.402750491,IPO_DURING_PERIOD,Công ty Cổ phần Nông nghiệp BAF Việt Nam,3000,3500,3570,3573,Thực phẩm và đồ uống,Sản xuất thực phẩm,Nuôi trồng nông & hải sản
BBC,HOSE,DELISTED,1985,cross_check,2018-01-02,2025-12-31,1985,1107.2695214105793,DELISTED,,,,,,,,
BCE,HOSE,ACTIVE,1999,symbols_by_exchange,2018-01-02,2025-12-31,1999,147306.58929464733,FULL_PERIOD,Công ty Cổ phần Xây dựng và Giao thông Bình Dương,2000,2300,2350,2357,Xây dựng và Vật liệu,Xây dựng và Vật liệu,Xây dựng
BCG,HOSE,ACTIVE,1939,symbols_by_exchange,2018-01-02,2025-10-08,1939,4318351.16915936,FULL_PERIOD,Công ty Cổ phần Tập đoàn Bamboo Capital,8000,8700,8770,8775,Dịch vụ tài chính,Dịch vụ tài chính,Tài chính đặc biệt
BCM,HOSE,ACTIVE,1954,symbols_by_exchange,2018-02-21,2025-12-31,1954,254656.03172978506,FULL_PERIOD,Tập đoàn Đầu tư và Phát triển Công nghiệp Becamex - CTCP,8000,8600,8630,8633,Bất động sản,Bất động sản,Bất động sản
BFC,HOSE,ACTIVE,1999,symbols_by_exchange,2018-01-02,2025-12-31,1999,376335.2496248124,FULL_PERIOD,Công ty Cổ phần Phân bón Bình Điền,1000,1300,1350,1357,Hóa chất,Hóa chất,"Sản phẩm hóa dầu, Nông dược & Hóa chất khác"
BHN,HOSE,ACTIVE,1991,symbols_by_exchange,2018-01-02,2025-12-31,1991,4159.808136614766,FULL_PERIOD,Tổng Công ty Cổ phần Bia - Rượu - Nước giải khát Hà Nội,3000,3500,3530,3533,Thực phẩm và đồ uống,Bia và đồ uống,Sản xuất bia
BIC,HOSE,ACTIVE,1999,symbols_by_exchange,2018-01-02,2025-12-31,1999,70348.35867933967,FULL_PERIOD,Tổng Công ty Cổ phần Bảo hiểm Ngân hàng Đầu tư và Phát triển Việt Nam,8000,8500,8530,8536,Bảo hiểm,Bảo hiểm phi nhân thọ,Bảo hiểm phi nhân thọ
BID,HOSE,ACTIVE,1999,symbols_by_exchange,2018-01-02,2025-12-31,1999,2237399.486243122,FULL_PERIOD,Ngân hàng Thương mại Cổ phần Đầu tư và Phát triển Việt Nam,8301,8300,8350,8355,Ngân hàng,Ngân hàng,Ngân hàng
BII,HOSE,DELISTED,1703,cross_check,2018-01-02,2025-12-26,1703,823019.1497357604,DELISTED,,,,,,,,
BKG,HOSE,ACTIVE,1248,symbols_by_exchange,2020-12-31,2025-12-31,1248,327215.82451923075,IPO_DURING_PERIOD,Công ty Cổ phần Đầu tư BKG Việt Nam,3000,3700,3720,3726,Hàng cá nhân & Gia dụng,Hàng gia dụng,Thiết bị gia dụng
BMC,HOSE,ACTIVE,1999,symbols_by_exchange,2018-01-02,2025-12-31,1999,72507.3631815908,FULL_PERIOD,Công ty Cổ phần Khoáng sản Bình Định,1000,1700,1770,1775,Tài nguyên Cơ bản,Khai khoáng,Khai khoáng
BMI,HOSE,ACTIVE,1999,symbols_by_exchange,2018-01-02,2025-12-31,1999,300418.5482741371,FULL_PERIOD,Tổng Công ty Cổ phần Bảo Minh,8000,8500,8530,8536,Bảo hiểm,Bảo hiểm phi nhân thọ,Bảo hiểm phi nhân thọ
BMP,HOSE,ACTIVE,1999,symbols_by_exchange,2018-01-02,2025-12-31,1999,181863.1955977989,FULL_PERIOD,Công ty Cổ phần Nhựa Bình Minh,2000,2300,2350,2353,Xây dựng và Vật liệu,Xây dựng và Vật liệu,Vật liệu xây dựng & Nội thất
BRC,HOSE,ACTIVE,1993,symbols_by_exchange,2018-01-02,2025-12-31,1993,5446.611640742599,FULL_PERIOD,Công ty Cổ phần Cao su Bến Thành,1000,1300,1350,1353,Hóa chất,Hóa chất,"Nhựa, cao su & sợi"
BSI,HOSE,ACTIVE,1993,symbols_by_exchange,2018-01-02,2025-12-31,1993,661908.188660311,FULL_PERIOD,Công ty Cổ phần Chứng khoán BIDV,8000,8700,8770,8777,Dịch vụ tài chính,Dịch vụ tài chính,Môi giới chứng khoán
BSR,HOSE,ACTIVE,1954,symbols_by_exchange,2018-03-01,2025-12-31,1954,6760410.071647902,FULL_PERIOD,Công ty Cổ phần Lọc Hóa dầu Bình Sơn,0001,0500,0530,0533,Dầu khí,Sản xuất Dầu khí,Sản xuất và Khai thác dầu khí
BTP,HOSE,ACTIVE,1999,symbols_by_exchange,2018-01-02,2025-12-31,1999,30895.137568784394,FULL_PERIOD,Công ty Cổ phần Nhiệt điện Bà Rịa,7000,7500,7530,7535,"Điện, nước & xăng dầu khí đốt",Sản xuất & Phân phối Điện,Sản xuất & Phân phối Điện
BTT,HOSE,ACTIVE,1936,symbols_by_exchange,2018-01-02,2025-12-29,1936,1191.7670454545455,FULL_PERIOD,Công ty Cổ phần Thương mại - Dịch vụ Bến Thành,5000,5300,5370,5373,Bán lẻ,Bán lẻ,Bán lẻ phức hợp
BVH,HOSE,ACTIVE,1999,symbols_by_exchange,2018-01-02,2025-12-31,1999,664581.8109054527,FULL_PERIOD,Tập đoàn Bảo Việt,8000,8500,8570,8575,Bảo hiểm,Bảo hiểm nhân thọ,Bảo hiểm nhân thọ
BWE,HOSE,ACTIVE,1999,symbols_by_exchange,2018-01-02,2025-12-31,1999,288937.88994497247,FULL_PERIOD,Công ty Cổ phần - Tổng công ty Nước - Môi trường Bình Dương,7000,7500,7570,7577,"Điện, nước & xăng dầu khí đốt",Nước & Khí đốt,Nước
C32,HOSE,ACTIVE,1999,symbols_by_exchange,2018-01-02,2025-12-31,1999,84765.51575787894,FULL_PERIOD,Công ty Cổ phần Đầu tư và Xây dựng 3-2,2000,2300,2350,2353,Xây dựng và Vật liệu,Xây dựng và Vật liệu,Vật liệu xây dựng & Nội thất
C47,HOSE,ACTIVE,1999,symbols_by_exchange,2018-01-02,2025-12-31,1999,138075.62181090546,FULL_PERIOD,Công ty Cổ phần Xây dựng 47,2000,2300,2350,2357,Xây dựng và Vật liệu,Xây dựng và Vật liệu,Xây dựng
CCC,HOSE,ACTIVE,352,symbols_by_exchange,2024-07-30,2025-12-31,352,47786.951704545456,IPO_DURING_PERIOD,Công ty Cổ Phần Xây Dựng CDC,2000,2300,2350,2357,Xây dựng và Vật liệu,Xây dựng và Vật liệu,Xây dựng
CCI,HOSE,ACTIVE,1941,symbols_by_exchange,2018-01-02,2025-12-31,1941,3399.2493560020607,FULL_PERIOD,Công ty Cổ phần Đầu tư Phát triển Công nghiệp Thương mại Củ Chi,7000,7500,7570,7573,"Điện, nước & xăng dầu khí đốt",Nước & Khí đốt,Phân phối xăng dầu & khí đốt
CCL,HOSE,ACTIVE,1999,symbols_by_exchange,2018-01-02,2025-12-31,1999,370932.9299649825,FULL_PERIOD,Công ty Cổ phần Đầu tư và Phát triển Đô thị Dầu khí Cửu Long,8000,8600,8630,8633,Bất động sản,Bất động sản,Bất động sản
CDC,HOSE,ACTIVE,1999,symbols_by_exchange,2018-01-02,2025-12-31,1999,164286.52576288144,FULL_PERIOD,Công ty Cổ phần Chương Dương,2000,2300,2350,2357,Xây dựng và Vật liệu,Xây dựng và Vật liệu,Xây dựng
CHP,HOSE,ACTIVE,1999,symbols_by_exchange,2018-01-02,2025-12-31,1999,25521.436218109055,FULL_PERIOD,Công ty Cổ phần Thủy điện Miền Trung,7000,7500,7530,7535,"Điện, nước & xăng dầu khí đốt",Sản xuất & Phân phối Điện,Sản xuất & Phân phối Điện
CIG,HOSE,ACTIVE,1999,symbols_by_exchange,2018-01-02,2025-12-31,1999,142059.4327163582,FULL_PERIOD,Công ty Cổ phần COMA 18,2000,2300,2350,2357,Xây dựng và Vật liệu,Xây dựng và Vật liệu,Xây dựng
CII,HOSE,ACTIVE,1999,symbols_by_exchange,2018-01-02,2025-12-31,1999,5816433.582291146,FULL_PERIOD,Công ty Cổ phần Đầu tư Hạ tầng Kỹ thuật Thành phố Hồ Chí Minh,2000,2300,2350,2357,Xây dựng và Vật liệu,Xây dựng và Vật liệu,Xây dựng
CKG,HOSE,ACTIVE,1445,symbols_by_exchange,2020-03-25,2025-12-31,1445,807208.6152249135,IPO_DURING_PERIOD,Công ty Cổ phần Tập đoàn CIC,8000,8600,8630,8633,Bất động sản,Bất động sản,Bất động sản
CLC,HOSE,ACTIVE,1999,symbols_by_exchange,2018-01-02,2025-12-31,1999,9283.826413206603,FULL_PERIOD,Công ty Cổ phần Cát Lợi,3000,3700,3780,3785,Hàng cá nhân & Gia dụng,Thuốc lá,Thuốc lá
CLL,HOSE,ACTIVE,1999,symbols_by_exchange,2018-01-02,2025-12-31,1999,11886.833416708354,FULL_PERIOD,Công ty Cổ phần Cảng Cát Lái,2000,2700,2770,2777,Hàng & Dịch vụ Công nghiệp,Vận tải,"Kho bãi, hậu cần và bảo dưỡng"
CLW,HOSE,ACTIVE,1978,symbols_by_exchange,2018-01-02,2025-12-24,1978,1079.7815975733063,FULL_PERIOD,Công ty Cổ phần Cấp nước Chợ Lớn,7000,7500,7570,7577,"Điện, nước & xăng dầu khí đốt",Nước & Khí đốt,Nước
CMG,HOSE,ACTIVE,1999,symbols_by_exchange,2018-01-02,2025-12-31,1999,340988.9429714857,FULL_PERIOD,Công ty Cổ phần Tập đoàn Công nghệ CMC,9000,9500,9530,9533,Công nghệ Thông tin,Phần mềm & Dịch vụ Máy tính,Dịch vụ Máy tính
CMV,HOSE,ACTIVE,1889,symbols_by_exchange,2018-01-02,2025-12-23,1889,1512.9804129168872,FULL_PERIOD,Công ty Cổ phần Thương nghiệp Cà Mau,5000,5300,5370,5373,Bán lẻ,Bán lẻ,Bán lẻ phức hợp
CMX,HOSE,ACTIVE,1999,symbols_by_exchange,2018-01-02,2025-12-31,1999,563967.2986493247,FULL_PERIOD,Công ty Cổ phần CAMIMEX Group,3000,3500,3570,3573,Thực phẩm và đồ uống,Sản xuất thực phẩm,Nuôi trồng nông & hải sản
CNG,HOSE,ACTIVE,1999,symbols_by_exchange,2018-01-02,2025-12-31,1999,145679.04002001,FULL_PERIOD,Công ty Cổ phần CNG Việt Nam,7000,7500,7570,7573,"Điện, nước & xăng dầu khí đốt",Nước & Khí đốt,Phân phối xăng dầu & khí đốt
COM,HOSE,ACTIVE,1905,symbols_by_exchange,2018-01-02,2025-12-16,1905,868.859842519685,FULL_PERIOD,Công ty Cổ phần Vật tư Xăng dầu,5000,5300,5370,5379,Bán lẻ,Bán lẻ,Phân phối hàng chuyên dụng
CRC,HOSE,ACTIVE,1843,symbols_by_exchange,2018-08-20,2025-12-31,1843,247789.7677699403,FULL_PERIOD,Công ty Cổ phần Create Capital Việt Nam,2000,2300,2350,2353,Xây dựng và Vật liệu,Xây dựng và Vật liệu,Vật liệu xây dựng & Nội thất
CRE,HOSE,ACTIVE,1832,symbols_by_exchange,2018-09-05,2025-12-31,1832,677224.202510917,FULL_PERIOD,Công ty Cổ phần Bất động sản Thế Kỷ,8000,8600,8630,8633,Bất động sản,Bất động sản,Bất động sản
CRV,HOSE,ACTIVE,58,symbols_by_exchange,2025-10-10,2025-12-31,58,12846.01724137931,IPO_DURING_PERIOD,Công ty Cổ phần Tập đoàn Bất động sản CRV,8000,8600,8630,8633,Bất động sản,Bất động sản,Bất động sản
CSM,HOSE,ACTIVE,1999,symbols_by_exchange,2018-01-02,2025-12-31,1999,227047.57378689345,FULL_PERIOD,Công ty Cổ phần Công nghiệp Cao su Miền Nam,3000,3300,3350,3357,Ô tô và phụ tùng,Ô tô và phụ tùng,Lốp xe
CSV,HOSE,ACTIVE,1999,symbols_by_exchange,2018-01-02,2025-12-31,1999,579877.9294647324,FULL_PERIOD,Công ty Cổ phần Hóa chất Cơ bản miền Nam,1000,1300,1350,1357,Hóa chất,Hóa chất,"Sản phẩm hóa dầu, Nông dược & Hóa chất khác"
CTD,HOSE,ACTIVE,1999,symbols_by_exchange,2018-01-02,2025-12-31,1999,701951.4467233617,FULL_PERIOD,Công ty Cổ phần Xây dựng Coteccons,2000,2300,2350,2357,Xây dựng và Vật liệu,Xây dựng và Vật liệu,Xây dựng
CTF,HOSE,ACTIVE,1999,symbols_by_exchange,2018-01-02,2025-12-31,1999,252035.42571285643,FULL_PERIOD,Công ty Cổ phần City Auto,3000,3300,3350,3353,Ô tô và phụ tùng,Ô tô và phụ tùng,Sản xuất ô tô
CTG,HOSE,ACTIVE,1999,symbols_by_exchange,2018-01-02,2025-12-31,1999,7098809.926963482,FULL_PERIOD,Ngân hàng Thương mại Cổ phần Công thương Việt Nam,8301,8300,8350,8355,Ngân hàng,Ngân hàng,Ngân hàng
CTI,HOSE,ACTIVE,1999,symbols_by_exchange,2018-01-02,2025-12-31,1999,724486.8824412206,FULL_PERIOD,Công ty Cổ phần Đầu tư Phát triển Cường Thuận IDICO,2000,2300,2350,2357,Xây dựng và Vật liệu,Xây dựng và Vật liệu,Xây dựng
CTR,HOSE,ACTIVE,1996,symbols_by_exchange,2018-01-02,2025-12-31,1996,419512.0601202405,FULL_PERIOD,Tổng Công ty Cổ phần Công trình Viettel,2000,2300,2350,2357,Xây dựng và Vật liệu,Xây dựng và Vật liệu,Xây dựng
CTS,HOSE,ACTIVE,1999,symbols_by_exchange,2018-01-02,2025-12-31,1999,1049238.9339669836,FULL_PERIOD,Công ty Cổ phần Chứng khoán Vietinbank,8000,8700,8770,8777,Dịch vụ tài chính,Dịch vụ tài chính,Môi giới chứng khoán
CVT,HOSE,ACTIVE,1846,symbols_by_exchange,2018-01-02,2025-12-31,1846,138623.8661971831,FULL_PERIOD,Công ty Cổ phần CMC,2000,2300,2350,2353,Xây dựng và Vật liệu,Xây dựng và Vật liệu,Vật liệu xây dựng & Nội thất
D2D,HOSE,ACTIVE,1999,symbols_by_exchange,2018-01-02,2025-12-31,1999,129080.33366683342,FULL_PERIOD,Công ty Cổ phần Phát triển Đô thị Công nghiệp số 2,8000,8600,8630,8633,Bất động sản,Bất động sản,Bất động sản
DAH,HOSE,ACTIVE,1999,symbols_by_exchange,2018-01-02,2025-12-31,1999,631688.875937969,FULL_PERIOD,Công ty Cổ phần Tập đoàn Khách sạn Đông Á,5000,5700,5750,5753,Du lịch và Giải trí,Du lịch & Giải trí,Khách sạn
DAT,HOSE,ACTIVE,1925,symbols_by_exchange,2018-01-02,2025-12-31,1925,2809.534025974026,FULL_PERIOD,Công ty Cổ phần Đầu tư Du lịch và Phát triển Thủy sản,3000,3500,3570,3573,Thực phẩm và đồ uống,Sản xuất thực phẩm,Nuôi trồng nông & hải sản
DBC,HOSE,ACTIVE,1993,symbols_by_exchange,2018-01-02,2025-12-31,1993,3520690.998996488,FULL_PERIOD,Công ty Cổ phần Tập đoàn Dabaco Việt Nam,3000,3500,3570,3573,Thực phẩm và đồ uống,Sản xuất thực phẩm,Nuôi trồng nông & hải sản
DBD,HOSE,ACTIVE,1994,symbols_by_exchange,2018-01-02,2025-12-31,1994,97430.85406218655,FULL_PERIOD,Công ty Cổ phần Dược - Trang thiết bị y tế Bình Định (BIDIPHAR),4000,4500,4570,4577,Y tế,Dược phẩm,Dược phẩm
DBT,HOSE,ACTIVE,1984,symbols_by_exchange,2018-01-02,2025-12-31,1984,30329.61189516129,FULL_PERIOD,Công ty Cổ phần Dược phẩm Bến Tre,4000,4500,4570,4577,Y tế,Dược phẩm,Dược phẩm
DC4,HOSE,ACTIVE,1993,symbols_by_exchange,2018-01-02,2025-12-31,1993,216597.50526843953,FULL_PERIOD,Công ty Cổ phần Dicera Holdings,2000,2300,2350,2357,Xây dựng và Vật liệu,Xây dựng và Vật liệu,Xây dựng
DCL,HOSE,ACTIVE,1999,symbols_by_exchange,2018-01-02,2025-12-31,1999,219339.2036018009,FULL_PERIOD,Công ty Cổ phần Dược phẩm Cửu Long,4000,4500,4570,4577,Y tế,Dược phẩm,Dược phẩm
DCM,HOSE,ACTIVE,1999,symbols_by_exchange,2018-01-02,2025-12-31,1999,3085199.526763382,FULL_PERIOD,Công ty Cổ phần - Tổng Công ty Phân bón Dầu Khí Cà Mau,1000,1300,1350,1357,Hóa chất,Hóa chất,"Sản phẩm hóa dầu, Nông dược & Hóa chất khác"
DGC,HOSE,ACTIVE,1993,symbols_by_exchange,2018-01-02,2025-12-31,1993,1510022.4365278475,FULL_PERIOD,Công ty Cổ phần Tập đoàn Hóa chất Đức Giang,1000,1300,1350,1357,Hóa chất,Hóa chất,"Sản phẩm hóa dầu, Nông dược & Hóa chất khác"
DGW,HOSE,ACTIVE,1999,symbols_by_exchange,2018-01-02,2025-12-31,1999,1038777.2196098049,FULL_PERIOD,Công ty Cổ phần Thế Giới Số,5000,5300,5370,5379,Bán lẻ,Bán lẻ,Phân phối hàng chuyên dụng
DHA,HOSE,ACTIVE,1999,symbols_by_exchange,2018-01-02,2025-12-31,1999,54307.55927963982,FULL_PERIOD,Công ty Cổ phần Hóa An,2000,2300,2350,2353,Xây dựng và Vật liệu,Xây dựng và Vật liệu,Vật liệu xây dựng & Nội thất
DHC,HOSE,ACTIVE,1999,symbols_by_exchange,2018-01-02,2025-12-31,1999,266092.15807903954,FULL_PERIOD,Công ty Cổ phần Đông Hải Bến Tre,1000,1700,1730,1737,Tài nguyên Cơ bản,Lâm nghiệp và Giấy,Sản xuất giấy
DHG,HOSE,ACTIVE,1999,symbols_by_exchange,2018-01-02,2025-12-31,1999,53378.10755377689,FULL_PERIOD,Công ty Cổ phần Dược Hậu Giang,4000,4500,4570,4577,Y tế,Dược phẩm,Dược phẩm
DHM,HOSE,ACTIVE,1999,symbols_by_exchange,2018-01-02,2025-12-31,1999,148468.66383191597,FULL_PERIOD,Công ty Cổ phần Thương mại & Khai thác Khoáng sản Dương Hiếu,1000,1700,1770,1775,Tài nguyên Cơ bản,Khai khoáng,Khai khoáng
DIG,HOSE,ACTIVE,1999,symbols_by_exchange,2018-01-02,2025-12-31,1999,9141771.777888944,FULL_PERIOD,Tổng Công ty Cổ phần Đầu tư Phát triển Xây dựng,8000,8600,8630,8633,Bất động sản,Bất động sản,Bất động sản
DLG,HOSE,ACTIVE,1999,symbols_by_exchange,2018-01-02,2025-12-31,1999,3867420.8589294646,FULL_PERIOD,Công ty Cổ phần Tập đoàn Đức Long Gia Lai,2000,2300,2350,2357,Xây dựng và Vật liệu,Xây dựng và Vật liệu,Xây dựng
DMC,HOSE,ACTIVE,1981,symbols_by_exchange,2018-01-02,2025-12-31,1981,23783.280666330138,FULL_PERIOD,Công ty Cổ phần Xuất nhập khẩu Y tế DOMESCO,4000,4500,4570,4577,Y tế,Dược phẩm,Dược phẩm
DPG,HOSE,ACTIVE,1995,symbols_by_exchange,2018-01-02,2025-12-31,1995,698331.3744360902,FULL_PERIOD,Công ty Cổ phần Tập đoàn Đạt Phương,2000,2300,2350,2357,Xây dựng và Vật liệu,Xây dựng và Vật liệu,Xây dựng
DPM,HOSE,ACTIVE,1999,symbols_by_exchange,2018-01-02,2025-12-31,1999,2633947.5772886444,FULL_PERIOD,Tổng Công ty Phân bón và Hóa chất Dầu khí - Công ty Cổ phần,1000,1300,1350,1357,Hóa chất,Hóa chất,"Sản phẩm hóa dầu, Nông dược & Hóa chất khác"
DPR,HOSE,ACTIVE,1999,symbols_by_exchange,2018-01-02,2025-12-31,1999,262649.27813906956,FULL_PERIOD,Công ty Cổ phần Cao su Đồng Phú,1000,1300,1350,1353,Hóa chất,Hóa chất,"Nhựa, cao su & sợi"
DQC,HOSE,ACTIVE,1997,symbols_by_exchange,2018-01-02,2025-12-31,1997,61477.189784677015,FULL_PERIOD,Công ty Cổ phần Tập đoàn Điện Quang,3000,3700,3720,3726,Hàng cá nhân & Gia dụng,Hàng gia dụng,Thiết bị gia dụng
DRC,HOSE,ACTIVE,1999,symbols_by_exchange,2018-01-02,2025-12-31,1999,770392.2131065533,FULL_PERIOD,Công ty Cổ phần Cao su Đà Nẵng,3000,3300,3350,3357,Ô tô và phụ tùng,Ô tô và phụ tùng,Lốp xe
DRH,HOSE,ACTIVE,1858,symbols_by_exchange,2018-01-02,2025-12-31,1858,1470488.3530678148,FULL_PERIOD,Công ty Cổ phần DRH Holdings,8000,8600,8630,8633,Bất động sản,Bất động sản,Bất động sản
DRL,HOSE,ACTIVE,1998,symbols_by_exchange,2018-01-02,2025-12-31,1998,2389.3613613613616,FULL_PERIOD,Công ty Cổ phần Thủy điện - Điện lực 3,7000,7500,7530,7535,"Điện, nước & xăng dầu khí đốt",Sản xuất & Phân phối Điện,Sản xuất & Phân phối Điện
DSC,HOSE,ACTIVE,1912,symbols_by_exchange,2018-01-05,2025-12-31,1912,92498.63807531381,FULL_PERIOD,Công ty Cổ phần Chứng khoán DSC,8000,8700,8770,8777,Dịch vụ tài chính,Dịch vụ tài chính,Môi giới chứng khoán
DSE,HOSE,ACTIVE,379,symbols_by_exchange,2024-07-01,2025-12-31,379,569706.7730870713,IPO_DURING_PERIOD,Công ty Cổ phần Chứng khoán DNSE,8000,8700,8770,8777,Dịch vụ tài chính,Dịch vụ tài chính,Môi giới chứng khoán
DSN,HOSE,ACTIVE,1999,symbols_by_exchange,2018-01-02,2025-12-31,1999,11618.486743371686,FULL_PERIOD,Công ty Cổ phần Công viên nước Đầm Sen,5000,5700,5750,5755,Du lịch và Giải trí,Du lịch & Giải trí,Dịch vụ giải trí
DTA,HOSE,ACTIVE,1991,symbols_by_exchange,2018-01-02,2025-12-31,1991,34944.08488196886,FULL_PERIOD,Công ty Cổ phần Đệ Tam,8000,8600,8630,8633,Bất động sản,Bất động sản,Bất động sản
DTL,HOSE,ACTIVE,1958,symbols_by_exchange,2018-01-02,2025-12-31,1958,4144.88202247191,FULL_PERIOD,Công ty Cổ phần Đại Thiên Lộc,1000,1700,1750,1757,Tài nguyên Cơ bản,Kim loại,Thép và sản phẩm thép
DTT,HOSE,ACTIVE,1938,symbols_by_exchange,2018-01-02,2025-12-25,1938,547.3101135190918,FULL_PERIOD,Công ty Cổ phần Kỹ nghệ Đô Thành,1000,1300,1350,1353,Hóa chất,Hóa chất,"Nhựa, cao su & sợi"
DVP,HOSE,ACTIVE,1999,symbols_by_exchange,2018-01-02,2025-12-31,1999,26281.198099049525,FULL_PERIOD,Công ty Cổ phần Đầu tư và Phát triển Cảng Đình Vũ,2000,2700,2770,2777,Hàng & Dịch vụ Công nghiệp,Vận tải,"Kho bãi, hậu cần và bảo dưỡng"
DXG,HOSE,ACTIVE,1999,symbols_by_exchange,2018-01-02,2025-12-31,1999,9687045.48124062,FULL_PERIOD,Công ty Cổ phần Tập đoàn Đất Xanh,8000,8600,8630,8633,Bất động sản,Bất động sản,Bất động sản
DXS,HOSE,ACTIVE,1114,symbols_by_exchange,2021-07-15,2025-12-31,1114,1931474.1283662478,IPO_DURING_PERIOD,Công ty Cổ phần Dịch vụ Bất động sản Đất Xanh,8000,8600,8630,8637,Bất động sản,Bất động sản,"Tư Vấn, Định giá, Môi giới Bất động sản"
DXV,HOSE,ACTIVE,1993,symbols_by_exchange,2018-01-02,2025-12-31,1993,17880.220772704466,FULL_PERIOD,Công ty Cổ phần VICEM Vật liệu Xây dựng Đà Nẵng,2000,2300,2350,2353,Xây dựng và Vật liệu,Xây dựng và Vật liệu,Vật liệu xây dựng & Nội thất
EIB,HOSE,ACTIVE,1999,symbols_by_exchange,2018-01-02,2025-12-31,1999,3740456.263631816,FULL_PERIOD,Ngân hàng Thương mại Cổ phần Xuất nhập khẩu Việt Nam,8301,8300,8350,8355,Ngân hàng,Ngân hàng,Ngân hàng
ELC,HOSE,ACTIVE,1999,symbols_by_exchange,2018-01-02,2025-12-31,1999,459961.2431215608,FULL_PERIOD,Công ty Cổ phần Công nghệ - Viễn thông ELCOM,9000,9500,9570,9578,Công nghệ Thông tin,Thiết bị và Phần cứng,Thiết bị viễn thông
EVE,HOSE,ACTIVE,1999,symbols_by_exchange,2018-01-02,2025-12-31,1999,117017.51175587795,FULL_PERIOD,Công ty Cổ phần Everpia,3000,3700,3760,3763,Hàng cá nhân & Gia dụng,Hàng cá nhân,Hàng May mặc
EVF,HOSE,ACTIVE,1841,symbols_by_exchange,2018-08-07,2025-12-31,1841,2991213.752308528,FULL_PERIOD,Công ty Tài chính Tổng hợp Cổ phần Điện Lực,8000,8700,8770,8773,Dịch vụ tài chính,Dịch vụ tài chính,Tài chính cá nhân
EVG,HOSE,ACTIVE,1999,symbols_by_exchange,2018-01-02,2025-12-31,1999,1256017.4612306154,FULL_PERIOD,Công ty Cổ phần Tập đoàn Everland,2000,2300,2350,2357,Xây dựng và Vật liệu,Xây dựng và Vật liệu,Xây dựng
FCM,HOSE,ACTIVE,1999,symbols_by_exchange,2018-01-02,2025-12-31,1999,149163.66333166583,FULL_PERIOD,Công ty Cổ phần Bê tông Phan Vũ Hà Nam,2000,2300,2350,2353,Xây dựng và Vật liệu,Xây dựng và Vật liệu,Vật liệu xây dựng & Nội thất
FCN,HOSE,ACTIVE,1999,symbols_by_exchange,2018-01-02,2025-12-31,1999,1894417.8094047024,FULL_PERIOD,Công ty Cổ phần FECON,2000,2300,2350,2357,Xây dựng và Vật liệu,Xây dựng và Vật liệu,Xây dựng
FDC,HOSE,ACTIVE,1742,symbols_by_exchange,2018-01-02,2025-12-30,1742,6187.561997703789,FULL_PERIOD,Công ty Cổ phần Ngoại thương và Phát triển Đầu tư Thành phố Hồ Chí Minh,8000,8600,8630,8633,Bất động sản,Bất động sản,Bất động sản
FIR,HOSE,ACTIVE,1801,symbols_by_exchange,2018-10-18,2025-12-31,1801,320857.8489727929,FULL_PERIOD,Công ty Cổ phần Địa ốc First Real,8000,8600,8630,8633,Bất động sản,Bất động sản,Bất động sản
FIT,HOSE,ACTIVE,1999,symbols_by_exchange,2018-01-02,2025-12-31,1999,2339925.911955978,FULL_PERIOD,Công ty Cổ phần Tập đoàn F.I.T,4000,4500,4570,4577,Y tế,Dược phẩm,Dược phẩm
FLC,HOSE,DELISTED,1630,cross_check,2018-01-02,2024-07-25,1630,9545438.441717792,DELISTED,,,,,,,,
FMC,HOSE,ACTIVE,1999,symbols_by_exchange,2018-01-02,2025-12-31,1999,149467.03801900952,FULL_PERIOD,Công ty Cổ phần Thực phẩm Sao Ta,3000,3500,3570,3573,Thực phẩm và đồ uống,Sản xuất thực phẩm,Nuôi trồng nông & hải sản
FPT,HOSE,ACTIVE,1999,symbols_by_exchange,2018-01-02,2025-12-31,1999,2712128.077038519,FULL_PERIOD,Công ty Cổ phần FPT,9000,9500,9530,9537,Công nghệ Thông tin,Phần mềm & Dịch vụ Máy tính,Phần mềm
FRT,HOSE,ACTIVE,1923,symbols_by_exchange,2018-04-26,2025-12-31,1923,809206.9656786271,FULL_PERIOD,Công ty Cổ phần Bán lẻ Kỹ thuật số FPT,5000,5300,5370,5379,Bán lẻ,Bán lẻ,Phân phối hàng chuyên dụng
FTS,HOSE,ACTIVE,1999,symbols_by_exchange,2018-01-02,2025-12-31,1999,1153211.0530265132,FULL_PERIOD,Công ty Cổ phần Chứng khoán FPT,8000,8700,8770,8777,Dịch vụ tài chính,Dịch vụ tài chính,Môi giới chứng khoán
GAS,HOSE,ACTIVE,1999,symbols_by_exchange,2018-01-02,2025-12-31,1999,768855.8294147074,FULL_PERIOD,Tổng Công ty Khí Việt Nam - Công ty Cổ phần,7000,7500,7570,7573,"Điện, nước & xăng dầu khí đốt",Nước & Khí đốt,Phân phối xăng dầu & khí đốt
GDT,HOSE,ACTIVE,1999,symbols_by_exchange,2018-01-02,2025-12-31,1999,33077.49874937469,FULL_PERIOD,Công ty Cổ phần Chế biến Gỗ Đức Thành,3000,3700,3720,3726,Hàng cá nhân & Gia dụng,Hàng gia dụng,Thiết bị gia dụng
GEE,HOSE,ACTIVE,939,symbols_by_exchange,2022-03-08,2025-12-31,939,304239.88604898826,IPO_DURING_PERIOD,Công ty Cổ phần Điện lực Gelex,2000,2700,2730,2737,Hàng & Dịch vụ Công nghiệp,Điện tử & Thiết bị điện,Thiết bị điện
GEG,HOSE,ACTIVE,1990,symbols_by_exchange,2018-01-02,2025-12-31,1990,840007.3537688443,FULL_PERIOD,Công ty Cổ phần Điện Gia Lai,7000,7500,7530,7535,"Điện, nước & xăng dầu khí đốt",Sản xuất & Phân phối Điện,Sản xuất & Phân phối Điện
GEX,HOSE,ACTIVE,1996,symbols_by_exchange,2018-01-02,2025-12-31,1996,8565216.891282566,FULL_PERIOD,Công ty Cổ phần Tập đoàn Gelex,2000,2700,2730,2737,Hàng & Dịch vụ Công nghiệp,Điện tử & Thiết bị điện,Thiết bị điện
GHC,HOSE,ACTIVE,1961,symbols_by_exchange,2018-01-02,2025-12-31,1961,16602.822539520654,FULL_PERIOD,Công ty Cổ phần Thủy điện Gia Lai,7000,7500,7530,7535,"Điện, nước & xăng dầu khí đốt",Sản xuất & Phân phối Điện,Sản xuất & Phân phối Điện
GIL,HOSE,ACTIVE,1999,symbols_by_exchange,2018-01-02,2025-12-31,1999,463656.83641820913,FULL_PERIOD,Công ty Cổ phần Sản xuất Kinh doanh Xuất nhập khẩu Bình Thạnh,3000,3700,3760,3763,Hàng cá nhân & Gia dụng,Hàng cá nhân,Hàng May mặc
GMD,HOSE,ACTIVE,1999,symbols_by_exchange,2018-01-02,2025-12-31,1999,1469283.7108554277,FULL_PERIOD,Công ty Cổ phần Gemadept,2000,2700,2770,2777,Hàng & Dịch vụ Công nghiệp,Vận tải,"Kho bãi, hậu cần và bảo dưỡng"
GMH,HOSE,ACTIVE,954,symbols_by_exchange,2022-01-12,2025-12-31,954,39881.57966457023,IPO_DURING_PERIOD,Công ty Cổ phần Minh Hưng Quảng Trị,2000,2300,2350,2353,Xây dựng và Vật liệu,Xây dựng và Vật liệu,Vật liệu xây dựng & Nội thất
GSP,HOSE,ACTIVE,1999,symbols_by_exchange,2018-01-02,2025-12-31,1999,127639.84292146073,FULL_PERIOD,Công ty Cổ phần Vận tải Sản phẩm Khí Quốc tế,2000,2700,2770,2773,Hàng & Dịch vụ Công nghiệp,Vận tải,Vận tải Thủy
GTA,HOSE,ACTIVE,1958,symbols_by_exchange,2018-01-02,2025-12-31,1958,7240.786006128703,FULL_PERIOD,Công ty Cổ phần Chế biến Gỗ Thuận An,1000,1700,1730,1733,Tài nguyên Cơ bản,Lâm nghiệp và Giấy,Lâm sản và Chế biến gỗ
GVR,HOSE,ACTIVE,1942,symbols_by_exchange,2018-03-21,2025-12-31,1942,2515216.1246138,FULL_PERIOD,Tập đoàn Công nghiệp Cao su Việt Nam - Công ty Cổ phần,1000,1300,1350,1353,Hóa chất,Hóa chất,"Nhựa, cao su & sợi"
HAG,HOSE,ACTIVE,1999,symbols_by_exchange,2018-01-02,2025-12-31,1999,10341490.173086543,FULL_PERIOD,Công ty Cổ phần Hoàng Anh Gia Lai,3000,3500,3570,3573,Thực phẩm và đồ uống,Sản xuất thực phẩm,Nuôi trồng nông & hải sản
HAH,HOSE,ACTIVE,1999,symbols_by_exchange,2018-01-02,2025-12-31,1999,1463832.9779889944,FULL_PERIOD,Công ty Cổ phần Vận tải và Xếp dỡ Hải An,2000,2700,2770,2777,Hàng & Dịch vụ Công nghiệp,Vận tải,"Kho bãi, hậu cần và bảo dưỡng"
HAP,HOSE,ACTIVE,1992,symbols_by_exchange,2018-01-02,2025-12-31,1992,335534.2791164659,FULL_PERIOD,Công ty Cổ phần Tập Đoàn Hapaco,1000,1700,1730,1737,Tài nguyên Cơ bản,Lâm nghiệp và Giấy,Sản xuất giấy
HAR,HOSE,ACTIVE,1999,symbols_by_exchange,2018-01-02,2025-12-31,1999,739673.2721360681,FULL_PERIOD,Công ty Cổ phần Đầu tư Thương mại Bất động sản An Dương Thảo Điền,8000,8600,8630,8633,Bất động sản,Bất động sản,Bất động sản
HAS,HOSE,ACTIVE,1790,symbols_by_exchange,2018-01-02,2025-12-24,1790,3041.5027932960893,FULL_PERIOD,Công ty Cổ phần Hacisco,2000,2300,2350,2357,Xây dựng và Vật liệu,Xây dựng và Vật liệu,Xây dựng
HAX,HOSE,ACTIVE,1999,symbols_by_exchange,2018-01-02,2025-12-31,1999,612985.8964482241,FULL_PERIOD,Công ty Cổ phần Dịch vụ Ô tô Hàng Xanh,3000,3300,3350,3353,Ô tô và phụ tùng,Ô tô và phụ tùng,Sản xuất ô tô
HCD,HOSE,ACTIVE,1999,symbols_by_exchange,2018-01-02,2025-12-31,1999,465328.04302151076,FULL_PERIOD,Công ty Cổ phần Đầu tư Sản xuất và Thương mại HCD,1000,1300,1350,1353,Hóa chất,Hóa chất,"Nhựa, cao su & sợi"
HCM,HOSE,ACTIVE,1998,symbols_by_exchange,2018-01-02,2025-12-31,1998,5031463.584084084,FULL_PERIOD,Công ty Cổ phần Chứng khoán Thành phố Hồ Chí Minh,8000,8700,8770,8777,Dịch vụ tài chính,Dịch vụ tài chính,Môi giới chứng khoán
HDB,HOSE,ACTIVE,1996,symbols_by_exchange,2018-01-05,2025-12-31,1996,5122812.868236473,FULL_PERIOD,Ngân hàng Thương mại Cổ phần Phát Triển Thành phố Hồ Chí Minh,8301,8300,8350,8355,Ngân hàng,Ngân hàng,Ngân hàng
HDC,HOSE,ACTIVE,1999,symbols_by_exchange,2018-01-02,2025-12-31,1999,1636529.3141570785,FULL_PERIOD,Công ty Cổ phần Phát triển Nhà Bà Rịa Vũng Tàu,8000,8600,8630,8633,Bất động sản,Bất động sản,Bất động sản
HDG,HOSE,ACTIVE,1999,symbols_by_exchange,2018-01-02,2025-12-31,1999,1799923.1065532765,FULL_PERIOD,Công ty Cổ phần Tập đoàn Hà Đô,8000,8600,8630,8633,Bất động sản,Bất động sản,Bất động sản
HHP,HOSE,ACTIVE,1843,symbols_by_exchange,2018-08-08,2025-12-31,1843,294511.1329354314,FULL_PERIOD,Công ty Cổ phần HHP Global,1000,1700,1730,1737,Tài nguyên Cơ bản,Lâm nghiệp và Giấy,Sản xuất giấy
HHS,HOSE,ACTIVE,1999,symbols_by_exchange,2018-01-02,2025-12-31,1999,2761683.3261630815,FULL_PERIOD,Công ty Cổ phần Đầu tư Dịch vụ Hoàng Huy,3000,3300,3350,3353,Ô tô và phụ tùng,Ô tô và phụ tùng,Sản xuất ô tô
HHV,HOSE,ACTIVE,1943,symbols_by_exchange,2018-01-02,2025-12-31,1943,3745710.554297478,FULL_PERIOD,Công ty Cổ phần Đầu tư Hạ tầng Giao thông Đèo Cả,2000,2300,2350,2357,Xây dựng và Vật liệu,Xây dựng và Vật liệu,Xây dựng
HID,HOSE,ACTIVE,1999,symbols_by_exchange,2018-01-02,2025-12-31,1999,346657.46973486745,FULL_PERIOD,Công ty Cổ phần Halcom Vietnam,2000,2300,2350,2357,Xây dựng và Vật liệu,Xây dựng và Vật liệu,Xây dựng
HII,HOSE,ACTIVE,1999,symbols_by_exchange,2018-01-02,2025-12-31,1999,255003.5507753877,FULL_PERIOD,Công ty Cổ phần An Tiến Industries,1000,1300,1350,1353,Hóa chất,Hóa chất,"Nhựa, cao su & sợi"
HMC,HOSE,ACTIVE,1997,symbols_by_exchange,2018-01-02,2025-12-31,1997,54785.91987981973,FULL_PERIOD,Công ty Cổ phần Kim khí Thành phố Hồ Chí Minh - VNSTEEL,1000,1700,1750,1757,Tài nguyên Cơ bản,Kim loại,Thép và sản phẩm thép
HNA,HOSE,ACTIVE,1934,symbols_by_exchange,2018-01-02,2025-12-31,1934,5675.918304033092,FULL_PERIOD,Công ty Cổ phần Thủy điện Hủa Na,7000,7500,7530,7535,"Điện, nước & xăng dầu khí đốt",Sản xuất & Phân phối Điện,Sản xuất & Phân phối Điện
HPG,HOSE,ACTIVE,1999,symbols_by_exchange,2018-01-02,2025-12-31,1999,19888327.974987492,FULL_PERIOD,Công ty Cổ phần Tập đoàn Hòa Phát,1000,1700,1750,1757,Tài nguyên Cơ bản,Kim loại,Thép và sản phẩm thép
HPX,HOSE,ACTIVE,1862,symbols_by_exchange,2018-07-24,2025-12-31,1862,1957129.16433942,FULL_PERIOD,Công ty Cổ phần Đầu tư Hải Phát,8000,8600,8630,8633,Bất động sản,Bất động sản,Bất động sản
HQC,HOSE,ACTIVE,1999,symbols_by_exchange,2018-01-02,2025-12-31,1999,8355025.375687844,FULL_PERIOD,Công ty Cổ phần Tư vấn - Thương mại - Dịch vụ Địa ốc Hoàng Quân,8000,8600,8630,8633,Bất động sản,Bất động sản,Bất động sản
HRC,HOSE,ACTIVE,1852,symbols_by_exchange,2018-01-02,2025-12-31,1852,4061.658747300216,FULL_PERIOD,Công ty Cổ phần Cao su Hòa Bình,1000,1300,1350,1353,Hóa chất,Hóa chất,"Nhựa, cao su & sợi"
HSG,HOSE,ACTIVE,1999,symbols_by_exchange,2018-01-02,2025-12-31,1999,8620073.989994997,FULL_PERIOD,Công ty Cổ phần Tập đoàn Hoa Sen,1000,1700,1750,1757,Tài nguyên Cơ bản,Kim loại,Thép và sản phẩm thép
HSL,HOSE,ACTIVE,1915,symbols_by_exchange,2018-05-10,2025-12-31,1915,245948.87832898172,FULL_PERIOD,Công ty Cổ phần Đầu tư Phát triển Thực phẩm Hồng Hà,3000,3500,3570,3577,Thực phẩm và đồ uống,Sản xuất thực phẩm,Thực phẩm
HT1,HOSE,ACTIVE,1999,symbols_by_exchange,2018-01-02,2025-12-31,1999,789190.9889944972,FULL_PERIOD,Công ty Cổ phần Xi măng VICEM Hà Tiên,2000,2300,2350,2353,Xây dựng và Vật liệu,Xây dựng và Vật liệu,Vật liệu xây dựng & Nội thất
HTG,HOSE,ACTIVE,1943,symbols_by_exchange,2018-01-02,2025-12-31,1943,21805.404014410706,FULL_PERIOD,Tổng Công ty Cổ phần Dệt may Hòa Thọ,3000,3700,3760,3763,Hàng cá nhân & Gia dụng,Hàng cá nhân,Hàng May mặc
HTI,HOSE,ACTIVE,1999,symbols_by_exchange,2018-01-02,2025-12-31,1999,35183.72536268134,FULL_PERIOD,Công ty Cổ phần Đầu tư Phát triển Hạ tầng IDICO,2000,2300,2350,2357,Xây dựng và Vật liệu,Xây dựng và Vật liệu,Xây dựng
HTL,HOSE,ACTIVE,1999,symbols_by_exchange,2018-01-02,2025-12-31,1999,3270.2521260630315,FULL_PERIOD,Công ty Cổ phần Kỹ thuật và Ô tô Trường Long,3000,3300,3350,3353,Ô tô và phụ tùng,Ô tô và phụ tùng,Sản xuất ô tô
HTN,HOSE,ACTIVE,1784,symbols_by_exchange,2018-11-12,2025-12-31,1784,424735.557735426,FULL_PERIOD,Công ty Cổ phần Hưng Thịnh Incons,8000,8600,8630,8633,Bất động sản,Bất động sản,Bất động sản
HTV,HOSE,ACTIVE,1977,symbols_by_exchange,2018-01-02,2025-12-30,1977,5336.685381891755,FULL_PERIOD,Công ty Cổ phần Logistics Vicem,2000,2700,2770,2773,Hàng & Dịch vụ Công nghiệp,Vận tải,Vận tải Thủy
HU1,HOSE,ACTIVE,1882,symbols_by_exchange,2018-01-02,2025-12-29,1882,6415.069606801275,FULL_PERIOD,Công ty Cổ phần Đầu tư và Xây dựng HUD1,2000,2300,2350,2357,Xây dựng và Vật liệu,Xây dựng và Vật liệu,Xây dựng
HUB,HOSE,ACTIVE,1712,symbols_by_exchange,2019-02-26,2025-12-31,1712,34312.66063084112,FULL_PERIOD,Công ty Cổ phần Xây lắp Thừa Thiên Huế,2000,2300,2350,2357,Xây dựng và Vật liệu,Xây dựng và Vật liệu,Xây dựng
HVG,HOSE,DELISTED,1515,cross_check,2018-01-02,2024-07-25,1515,536748.7709570957,DELISTED,,,,,,,,
HVH,HOSE,ACTIVE,1770,symbols_by_exchange,2018-11-30,2025-12-31,1770,359295.47175141243,FULL_PERIOD,Công ty Cổ phần Đầu tư và Công nghệ HVC,2000,2300,2350,2357,Xây dựng và Vật liệu,Xây dựng và Vật liệu,Xây dựng
HVN,HOSE,ACTIVE,1991,symbols_by_exchange,2018-01-02,2025-12-31,1991,1436856.9517830235,FULL_PERIOD,Tổng Công ty Hàng không Việt Nam - CTCP,5000,5700,5750,5751,Du lịch và Giải trí,Du lịch & Giải trí,Hàng không
HVX,HOSE,ACTIVE,1998,symbols_by_exchange,2018-01-02,2025-12-31,1998,19621.089089089088,FULL_PERIOD,Công ty Cổ phần Xi măng Vicem Hải Vân,2000,2300,2350,2353,Xây dựng và Vật liệu,Xây dựng và Vật liệu,Vật liệu xây dựng & Nội thất
ICT,HOSE,ACTIVE,1490,symbols_by_exchange,2020-01-15,2025-12-31,1490,72761.94496644296,FULL_PERIOD,Công ty Cổ phần Viễn thông - Tin học Bưu điện,9000,9500,9530,9537,Công nghệ Thông tin,Phần mềm & Dịch vụ Máy tính,Phần mềm
IDI,HOSE,ACTIVE,1999,symbols_by_exchange,2018-01-02,2025-12-31,1999,2425545.803901951,FULL_PERIOD,Công ty Cổ phần Đầu tư và Phát triển Đa Quốc Gia I.D.I,3000,3500,3570,3573,Thực phẩm và đồ uống,Sản xuất thực phẩm,Nuôi trồng nông & hải sản
IJC,HOSE,ACTIVE,1999,symbols_by_exchange,2018-01-02,2025-12-31,1999,2324808.6663331664,FULL_PERIOD,Công ty Cổ phần Phát triển Hạ tầng Kỹ thuật,8000,8600,8630,8633,Bất động sản,Bất động sản,Bất động sản
ILB,HOSE,ACTIVE,1657,symbols_by_exchange,2019-05-15,2025-12-31,1657,35944.939046469524,FULL_PERIOD,Công ty Cổ phần ICD Tân Cảng - Long Bình,2000,2700,2770,2777,Hàng & Dịch vụ Công nghiệp,Vận tải,"Kho bãi, hậu cần và bảo dưỡng"
IMP,HOSE,ACTIVE,1999,symbols_by_exchange,2018-01-02,2025-12-31,1999,53679.29764882441,FULL_PERIOD,Công ty Cổ phần Dược phẩm IMEXPHARM,4000,4500,4570,4577,Y tế,Dược phẩm,Dược phẩm
ITC,HOSE,ACTIVE,1999,symbols_by_exchange,2018-01-02,2025-12-31,1999,395472.75737868936,FULL_PERIOD,Công ty Cổ phần Đầu tư - Kinh doanh nhà,8000,8600,8630,8633,Bất động sản,Bất động sản,Bất động sản
ITD,HOSE,ACTIVE,1999,symbols_by_exchange,2018-01-02,2025-12-31,1999,108610.66033016508,FULL_PERIOD,Công ty Cổ phần Công nghệ ITD,9000,9500,9530,9537,Công nghệ Thông tin,Phần mềm & Dịch vụ Máy tính,Phần mềm
JVC,HOSE,ACTIVE,1999,symbols_by_exchange,2018-01-02,2025-12-31,1999,1034778.555777889,FULL_PERIOD,Công ty Cổ phần Đầu tư Y tế - Dược phẩm Việt Nam,4000,4500,4530,4535,Y tế,Thiết bị và Dịch vụ Y tế,Thiết bị y tế
KBC,HOSE,ACTIVE,1999,symbols_by_exchange,2018-01-02,2025-12-31,1999,5482001.95947974,FULL_PERIOD,Tổng Công ty Phát triển Đô thị Kinh Bắc,8000,8600,8630,8633,Bất động sản,Bất động sản,Bất động sản
KDC,HOSE,ACTIVE,1999,symbols_by_exchange,2018-01-02,2025-12-31,1999,743555.1980990495,FULL_PERIOD,Công ty Cổ phần Tập đoàn KIDO,3000,3500,3570,3577,Thực phẩm và đồ uống,Sản xuất thực phẩm,Thực phẩm
KDH,HOSE,ACTIVE,1999,symbols_by_exchange,2018-01-02,2025-12-31,1999,1865553.6823411705,FULL_PERIOD,Công ty Cổ phần Đầu tư và Kinh doanh nhà Khang Điền,8000,8600,8630,8633,Bất động sản,Bất động sản,Bất động sản
KHG,HOSE,ACTIVE,1112,symbols_by_exchange,2021-07-19,2025-12-31,1112,4984250.050359712,IPO_DURING_PERIOD,Công ty Cổ phần Tập đoàn Khải Hoàn Land,8000,8600,8630,8633,Bất động sản,Bất động sản,Bất động sản
KHP,HOSE,ACTIVE,1999,symbols_by_exchange,2018-01-02,2025-12-31,1999,141626.23661830917,FULL_PERIOD,Công ty Cổ phần Điện lực Khánh Hòa,7000,7500,7530,7535,"Điện, nước & xăng dầu khí đốt",Sản xuất & Phân phối Điện,Sản xuất & Phân phối Điện
KLB,HOSE,ACTIVE,1967,symbols_by_exchange,2018-01-02,2025-12-31,1967,124269.94560244026,FULL_PERIOD,Ngân hàng Thương mại Cổ phần Kiên Long,8301,8300,8350,8355,Ngân hàng,Ngân hàng,Ngân hàng
KMR,HOSE,ACTIVE,1998,symbols_by_exchange,2018-01-02,2025-12-31,1998,171368.84834834834,FULL_PERIOD,Công ty Cổ phần Mirae,3000,3700,3760,3763,Hàng cá nhân & Gia dụng,Hàng cá nhân,Hàng May mặc
KOS,HOSE,ACTIVE,1994,symbols_by_exchange,2018-01-02,2025-12-31,1994,292716.09729187563,FULL_PERIOD,Công ty Cổ phần KOSY,8000,8600,8630,8633,Bất động sản,Bất động sản,Bất động sản
KSB,HOSE,ACTIVE,1999,symbols_by_exchange,2018-01-02,2025-12-31,1999,1460561.9099549775,FULL_PERIOD,Công ty Cổ phần Khoáng sản và Xây dựng Bình Dương,2000,2300,2350,2353,Xây dựng và Vật liệu,Xây dựng và Vật liệu,Vật liệu xây dựng & Nội thất
L10,HOSE,ACTIVE,1926,symbols_by_exchange,2018-01-02,2025-12-29,1926,873.1869158878504,FULL_PERIOD,Công ty Cổ phần Lilama 10,2000,2700,2750,2757,Hàng & Dịch vụ Công nghiệp,Công nghiệp nặng,Máy công nghiệp
LAF,HOSE,ACTIVE,1980,symbols_by_exchange,2018-01-02,2025-12-30,1980,4422.0282828282825,FULL_PERIOD,Công ty Cổ phần Chế biến Hàng Xuất khẩu Long An,3000,3500,3570,3577,Thực phẩm và đồ uống,Sản xuất thực phẩm,Thực phẩm
LBM,HOSE,ACTIVE,1999,symbols_by_exchange,2018-01-02,2025-12-31,1999,14506.713856928463,FULL_PERIOD,Công ty Cổ phần Khoáng sản và Vật liệu xây dựng Lâm Đồng,2000,2300,2350,2353,Xây dựng và Vật liệu,Xây dựng và Vật liệu,Vật liệu xây dựng & Nội thất
LCG,HOSE,ACTIVE,1999,symbols_by_exchange,2018-01-02,2025-12-31,1999,3329986.5402701353,FULL_PERIOD,Công ty Cổ phần Lizen,2000,2300,2350,2357,Xây dựng và Vật liệu,Xây dựng và Vật liệu,Xây dựng
LDG,HOSE,ACTIVE,1999,symbols_by_exchange,2018-01-02,2025-12-31,1999,4021956.5897948975,FULL_PERIOD,Công ty Cổ phần Đầu tư LDG,8000,8600,8630,8633,Bất động sản,Bất động sản,Bất động sản
LGC,HOSE,ACTIVE,1969,symbols_by_exchange,2018-01-02,2025-12-31,1969,1214.508379888268,FULL_PERIOD,Công ty Cổ phần Đầu tư Cầu đường CII,2000,2300,2350,2357,Xây dựng và Vật liệu,Xây dựng và Vật liệu,Xây dựng
LGL,HOSE,ACTIVE,1999,symbols_by_exchange,2018-01-02,2025-12-31,1999,191039.3051525763,FULL_PERIOD,Công ty Cổ phần Đầu tư và Phát triển Đô thị Long Giang,8000,8600,8630,8633,Bất động sản,Bất động sản,Bất động sản
LHG,HOSE,ACTIVE,1999,symbols_by_exchange,2018-01-02,2025-12-31,1999,291731.7283641821,FULL_PERIOD,Công ty Cổ phần Long Hậu,8000,8600,8630,8633,Bất động sản,Bất động sản,Bất động sản
LIX,HOSE,ACTIVE,1999,symbols_by_exchange,2018-01-02,2025-12-31,1999,35245.77338669335,FULL_PERIOD,Công ty Cổ phần Bột Giặt LIX,3000,3700,3760,3767,Hàng cá nhân & Gia dụng,Hàng cá nhân,Hàng cá nhân
LM8,HOSE,ACTIVE,1945,symbols_by_exchange,2018-01-02,2025-12-29,1945,5672.321336760925,FULL_PERIOD,Công ty Cổ phần Lilama 18,2000,2300,2350,2357,Xây dựng và Vật liệu,Xây dựng và Vật liệu,Xây dựng
LPB,HOSE,ACTIVE,1989,symbols_by_exchange,2018-01-02,2025-12-31,1989,5271626.804424333,FULL_PERIOD,Ngân hàng Thương mại Cổ phần Lộc Phát Việt Nam,8301,8300,8350,8355,Ngân hàng,Ngân hàng,Ngân hàng
LSS,HOSE,ACTIVE,1999,symbols_by_exchange,2018-01-02,2025-12-31,1999,455021.104052026,FULL_PERIOD,Công ty Cổ phần Mía đường Lam Sơn,3000,3500,3570,3577,Thực phẩm và đồ uống,Sản xuất thực phẩm,Thực phẩm
MBB,HOSE,ACTIVE,1999,symbols_by_exchange,2018-01-02,2025-12-31,1999,12233665.64232116,FULL_PERIOD,Ngân hàng Thương mại Cổ phần Quân đội,8301,8300,8350,8355,Ngân hàng,Ngân hàng,Ngân hàng
MCH,HOSE,ACTIVE,1980,symbols_by_exchange,2018-01-02,2025-12-31,1980,66885.85656565656,FULL_PERIOD,Công ty Cổ phần Hàng Tiêu Dùng MaSan,3000,3500,3570,3577,Thực phẩm và đồ uống,Sản xuất thực phẩm,Thực phẩm
MCM,HOSE,ACTIVE,1250,symbols_by_exchange,2020-12-18,2025-12-31,1250,53464.4008,IPO_DURING_PERIOD,Công ty Cổ phần Giống bò sữa Mộc Châu,3000,3500,3570,3577,Thực phẩm và đồ uống,Sản xuất thực phẩm,Thực phẩm
MCP,HOSE,ACTIVE,1998,symbols_by_exchange,2018-01-02,2025-12-31,1998,3536.6626626626626,FULL_PERIOD,Công ty Cổ phần In và Bao bì Mỹ Châu,2000,2700,2720,2723,Hàng & Dịch vụ Công nghiệp,Hàng công nghiệp,Containers & Đóng gói
MDG,HOSE,ACTIVE,1767,symbols_by_exchange,2018-01-02,2025-12-29,1767,4734.382003395585,FULL_PERIOD,Công ty Cổ phần Miền Đông,2000,2300,2350,2353,Xây dựng và Vật liệu,Xây dựng và Vật liệu,Vật liệu xây dựng & Nội thất
MHC,HOSE,ACTIVE,1999,symbols_by_exchange,2018-01-02,2025-12-31,1999,398191.4902451226,FULL_PERIOD,Công ty Cổ phần MHC,2000,2700,2770,2779,Hàng & Dịch vụ Công nghiệp,Vận tải,Dịch vụ vận tải
MIG,HOSE,ACTIVE,1988,symbols_by_exchange,2018-01-02,2025-12-31,1988,400437.24647887325,FULL_PERIOD,Tổng Công ty Cổ phần Bảo hiểm Quân đội,8000,8500,8530,8536,Bảo hiểm,Bảo hiểm phi nhân thọ,Bảo hiểm phi nhân thọ
MSB,HOSE,ACTIVE,1254,symbols_by_exchange,2020-12-23,2025-12-31,1254,6997583.869218501,IPO_DURING_PERIOD,Ngân hàng Thương mại Cổ phần Hàng Hải Việt Nam,8301,8300,8350,8355,Ngân hàng,Ngân hàng,Ngân hàng
MSH,HOSE,ACTIVE,1772,symbols_by_exchange,2018-11-28,2025-12-31,1772,159467.14841986456,FULL_PERIOD,Công ty Cổ phần May Sông Hồng,3000,3700,3760,3763,Hàng cá nhân & Gia dụng,Hàng cá nhân,Hàng May mặc
MSN,HOSE,ACTIVE,1999,symbols_by_exchange,2018-01-02,2025-12-31,1999,2417695.692346173,FULL_PERIOD,Công ty Cổ phần Tập đoàn Masan,3000,3500,3570,3577,Thực phẩm và đồ uống,Sản xuất thực phẩm,Thực phẩm
MWG,HOSE,ACTIVE,1999,symbols_by_exchange,2018-01-02,2025-12-31,1999,3493934.220110055,FULL_PERIOD,Công ty Cổ phần Đầu tư Thế Giới Di Động,5000,5300,5370,5379,Bán lẻ,Bán lẻ,Phân phối hàng chuyên dụng
NAB,HOSE,ACTIVE,1299,symbols_by_exchange,2020-10-09,2025-12-31,1299,862922.2740569669,IPO_DURING_PERIOD,Ngân hàng Thương mại Cổ phần Nam Á,8301,8300,8350,8355,Ngân hàng,Ngân hàng,Ngân hàng
NAF,HOSE,ACTIVE,1999,symbols_by_exchange,2018-01-02,2025-12-31,1999,247515.39419709856,FULL_PERIOD,Công ty Cổ phần Nafoods Group,3000,3500,3530,3537,Thực phẩm và đồ uống,Bia và đồ uống,Đồ uống & giải khát
NAV,HOSE,ACTIVE,1984,symbols_by_exchange,2018-01-02,2025-12-31,1984,2408.1179435483873,FULL_PERIOD,Công ty Cổ phần Nam Việt,2000,2300,2350,2353,Xây dựng và Vật liệu,Xây dựng và Vật liệu,Vật liệu xây dựng & Nội thất
NBB,HOSE,ACTIVE,1999,symbols_by_exchange,2018-01-02,2025-12-31,1999,360591.7048524262,FULL_PERIOD,Công ty Cổ phần Đầu tư Năm Bảy Bảy,8000,8600,8630,8633,Bất động sản,Bất động sản,Bất động sản
NCT,HOSE,ACTIVE,1999,symbols_by_exchange,2018-01-02,2025-12-31,1999,17178.231115557777,FULL_PERIOD,Công ty Cổ phần Dịch vụ Hàng hóa Nội Bài,2000,2700,2770,2777,Hàng & Dịch vụ Công nghiệp,Vận tải,"Kho bãi, hậu cần và bảo dưỡng"
NHA,HOSE,ACTIVE,1993,symbols_by_exchange,2018-01-02,2025-12-31,1993,294978.061716006,FULL_PERIOD,Tổng Công ty Đầu tư Phát triển Nhà và Đô thị Nam Hà Nội,2000,2300,2350,2357,Xây dựng và Vật liệu,Xây dựng và Vật liệu,Xây dựng
NHH,HOSE,ACTIVE,1984,symbols_by_exchange,2018-01-02,2025-12-31,1984,261135.72631048388,FULL_PERIOD,Công ty Cổ phần Nhựa Hà Nội,1000,1300,1350,1353,Hóa chất,Hóa chất,"Nhựa, cao su & sợi"
NHT,HOSE,ACTIVE,1844,symbols_by_exchange,2018-01-02,2025-12-31,1844,5097.769522776573,FULL_PERIOD,Công ty Cổ phần Sản xuất và Thương mại Nam Hoa,3000,3700,3740,3747,Hàng cá nhân & Gia dụng,Hàng hóa giải trí,Đồ chơi
NKG,HOSE,ACTIVE,1999,symbols_by_exchange,2018-01-02,2025-12-31,1999,5668663.273136568,FULL_PERIOD,Công ty Cổ phần Thép Nam Kim,1000,1700,1750,1757,Tài nguyên Cơ bản,Kim loại,Thép và sản phẩm thép
NLG,HOSE,ACTIVE,1999,symbols_by_exchange,2018-01-02,2025-12-31,1999,2052665.727363682,FULL_PERIOD,Công ty Cổ phần Đầu tư Nam Long,8000,8600,8630,8633,Bất động sản,Bất động sản,Bất động sản
NNC,HOSE,ACTIVE,1998,symbols_by_exchange,2018-01-02,2025-12-31,1998,28903.6996996997,FULL_PERIOD,Công ty Cổ phần Đá Núi Nhỏ,2000,2300,2350,2353,Xây dựng và Vật liệu,Xây dựng và Vật liệu,Vật liệu xây dựng & Nội thất
NO1,HOSE,ACTIVE,773,symbols_by_exchange,2022-11-28,2025-12-31,773,186550.0465717982,IPO_DURING_PERIOD,Công ty Cổ phần Tâp đoàn 911,2000,2700,2750,2757,Hàng & Dịch vụ Công nghiệp,Công nghiệp nặng,Máy công nghiệp
NSC,HOSE,ACTIVE,1991,symbols_by_exchange,2018-01-02,2025-12-31,1991,7104.851833249623,FULL_PERIOD,Công ty Cổ phần Tập đoàn Giống cây trồng Việt Nam,3000,3500,3570,3573,Thực phẩm và đồ uống,Sản xuất thực phẩm,Nuôi trồng nông & hải sản
NT2,HOSE,ACTIVE,1999,symbols_by_exchange,2018-01-02,2025-12-31,1999,673482.2766383191,FULL_PERIOD,Công ty Cổ phần Điện lực Dầu khí Nhơn Trạch 2,7000,7500,7530,7535,"Điện, nước & xăng dầu khí đốt",Sản xuất & Phân phối Điện,Sản xuất & Phân phối Điện
NTC,HOSE,ACTIVE,1989,symbols_by_exchange,2018-01-02,2025-12-31,1989,38801.74912016089,FULL_PERIOD,Công ty Cổ phần Khu Công nghiệp Nam Tân Uyên,8000,8600,8630,8633,Bất động sản,Bất động sản,Bất động sản
NTL,HOSE,ACTIVE,1999,symbols_by_exchange,2018-01-02,2025-12-31,1999,984993.6568284142,FULL_PERIOD,Công ty Cổ phần Phát triển Đô thị Từ Liêm,8000,8600,8630,8633,Bất động sản,Bất động sản,Bất động sản
NVL,HOSE,ACTIVE,1999,symbols_by_exchange,2018-01-02,2025-12-31,1999,9443779.541270636,FULL_PERIOD,Công ty Cổ phần Tập đoàn Đầu tư Địa ốc No Va,8000,8600,8630,8633,Bất động sản,Bất động sản,Bất động sản
NVT,HOSE,ACTIVE,1936,symbols_by_exchange,2018-01-02,2025-12-31,1936,51418.66838842975,FULL_PERIOD,Công ty Cổ phần Bất động sản Du lịch Ninh Vân Bay,8000,8600,8630,8633,Bất động sản,Bất động sản,Bất động sản
OCB,HOSE,ACTIVE,1229,symbols_by_exchange,2021-01-28,2025-12-31,1229,3040975.383238405,IPO_DURING_PERIOD,Ngân hàng Thương mại Cổ phần Phương Đông,8301,8300,8350,8355,Ngân hàng,Ngân hàng,Ngân hàng
OGC,HOSE,ACTIVE,1999,symbols_by_exchange,2018-01-02,2025-12-31,1999,1337425.8164082041,FULL_PERIOD,Công ty Cổ phần Tập đoàn Đại Dương,8000,8700,8770,8775,Dịch vụ tài chính,Dịch vụ tài chính,Tài chính đặc biệt
OPC,HOSE,ACTIVE,1979,symbols_by_exchange,2018-01-02,2025-12-31,1979,6328.782213239009,FULL_PERIOD,Công ty Cổ phần Dược Phẩm OPC,4000,4500,4570,4577,Y tế,Dược phẩm,Dược phẩm
ORS,HOSE,ACTIVE,1983,symbols_by_exchange,2018-01-02,2025-12-31,1983,2051566.8709026726,FULL_PERIOD,Công ty Cổ phần Chứng khoán Tiên Phong,8000,8700,8770,8777,Dịch vụ tài chính,Dịch vụ tài chính,Môi giới chứng khoán
PAC,HOSE,ACTIVE,1999,symbols_by_exchange,2018-01-02,2025-12-31,1999,80297.59979989995,FULL_PERIOD,Công ty Cổ phần Pin Ắc quy Miền Nam,2000,2700,2730,2733,Hàng & Dịch vụ Công nghiệp,Điện tử & Thiết bị điện,Hàng điện & điện tử
PAN,HOSE,ACTIVE,1992,symbols_by_exchange,2018-01-02,2025-12-31,1992,1231635.4884538152,FULL_PERIOD,Công ty Cổ phần Tập đoàn PAN,3000,3500,3570,3577,Thực phẩm và đồ uống,Sản xuất thực phẩm,Thực phẩm
PC1,HOSE,ACTIVE,1999,symbols_by_exchange,2018-01-02,2025-12-31,1999,1693600.9464732367,FULL_PERIOD,Công ty Cổ phần Tập đoàn PC1,2000,2300,2350,2357,Xây dựng và Vật liệu,Xây dựng và Vật liệu,Xây dựng
PDN,HOSE,ACTIVE,1995,symbols_by_exchange,2018-01-02,2025-12-31,1995,1897.1919799498746,FULL_PERIOD,Công ty Cổ phần Cảng Đồng Nai,2000,2700,2770,2777,Hàng & Dịch vụ Công nghiệp,Vận tải,"Kho bãi, hậu cần và bảo dưỡng"
PDR,HOSE,ACTIVE,1999,symbols_by_exchange,2018-01-02,2025-12-31,1999,5722695.847923962,FULL_PERIOD,Công ty Cổ phần Phát triển Bất động sản Phát Đạt,8000,8600,8630,8633,Bất động sản,Bất động sản,Bất động sản
PDV,HOSE,ACTIVE,1916,symbols_by_exchange,2018-01-02,2025-12-31,1916,23202.757306889354,FULL_PERIOD,Công ty Cổ phần Vận tải và Tiếp vận Phương Đông Việt,2000,2700,2770,2773,Hàng & Dịch vụ Công nghiệp,Vận tải,Vận tải Thủy
PET,HOSE,ACTIVE,1999,symbols_by_exchange,2018-01-02,2025-12-31,1999,933661.0675337669,FULL_PERIOD,Tổng Công ty Cổ phần Dịch vụ Tổng hợp Dầu khí,5000,5300,5370,5379,Bán lẻ,Bán lẻ,Phân phối hàng chuyên dụng
PGC,HOSE,ACTIVE,1999,symbols_by_exchange,2018-01-02,2025-12-31,1999,48211.3831915958,FULL_PERIOD,Tổng Công ty Gas Petrolimex - Công ty Cổ phần,7000,7500,7570,7573,"Điện, nước & xăng dầu khí đốt",Nước & Khí đốt,Phân phối xăng dầu & khí đốt
PGD,HOSE,ACTIVE,1996,symbols_by_exchange,2018-01-02,2025-12-31,1996,10355.606713426854,FULL_PERIOD,Công ty Cổ phần Phân phối khí thấp áp dầu khí Việt Nam,7000,7500,7570,7573,"Điện, nước & xăng dầu khí đốt",Nước & Khí đốt,Phân phối xăng dầu & khí đốt
PGI,HOSE,ACTIVE,1979,symbols_by_exchange,2018-01-02,2025-12-31,1979,13515.486609398686,FULL_PERIOD,Tổng Công ty Cổ phần Bảo hiểm Petrolimex,8000,8500,8530,8536,Bảo hiểm,Bảo hiểm phi nhân thọ,Bảo hiểm phi nhân thọ
PGV,HOSE,ACTIVE,1861,symbols_by_exchange,2018-03-21,2025-12-31,1861,24072.405158516925,FULL_PERIOD,Tổng Công ty Phát điện 3 - Công ty Cổ phần,7000,7500,7530,7535,"Điện, nước & xăng dầu khí đốt",Sản xuất & Phân phối Điện,Sản xuất & Phân phối Điện
PHC,HOSE,ACTIVE,1993,symbols_by_exchange,2018-01-02,2025-12-31,1993,275521.15153035626,FULL_PERIOD,Công ty Cổ phần Xây dựng Phục Hưng Holdings,2000,2300,2350,2357,Xây dựng và Vật liệu,Xây dựng và Vật liệu,Xây dựng
PHR,HOSE,ACTIVE,1999,symbols_by_exchange,2018-01-02,2025-12-31,1999,591834.8724362181,FULL_PERIOD,Công ty Cổ phần Cao su Phước Hòa,1000,1300,1350,1353,Hóa chất,Hóa chất,"Nhựa, cao su & sợi"
PIT,HOSE,ACTIVE,1984,symbols_by_exchange,2018-01-02,2025-12-31,1984,10571.42489919355,FULL_PERIOD,Công ty Cổ phần Xuất nhập khẩu Petrolimex,5000,5300,5370,5373,Bán lẻ,Bán lẻ,Bán lẻ phức hợp
PJT,HOSE,ACTIVE,1974,symbols_by_exchange,2018-01-02,2025-12-31,1974,5261.073454913881,FULL_PERIOD,Công ty Cổ phần Vận tải Xăng dầu đường thủy Petrolimex,2000,2700,2770,2773,Hàng & Dịch vụ Công nghiệp,Vận tải,Vận tải Thủy
PLP,HOSE,ACTIVE,1998,symbols_by_exchange,2018-01-02,2025-12-31,1998,264286.86436436436,FULL_PERIOD,Công ty Cổ phần Sản xuất và Công nghệ Nhựa Pha Lê,1000,1300,1350,1353,Hóa chất,Hóa chất,"Nhựa, cao su & sợi"
PLX,HOSE,ACTIVE,1999,symbols_by_exchange,2018-01-02,2025-12-31,1999,1241572.8459229614,FULL_PERIOD,Tập đoàn Xăng dầu Việt Nam,0001,0500,0530,0533,Dầu khí,Sản xuất Dầu khí,Sản xuất và Khai thác dầu khí
PMG,HOSE,ACTIVE,1807,symbols_by_exchange,2018-01-25,2025-12-31,1807,26371.767017155507,FULL_PERIOD,Công ty Cổ phần Đầu tư và Sản xuất Petro Miền Trung,7000,7500,7570,7573,"Điện, nước & xăng dầu khí đốt",Nước & Khí đốt,Phân phối xăng dầu & khí đốt
PNC,HOSE,ACTIVE,1964,symbols_by_exchange,2018-01-02,2025-12-31,1964,1547.8655804480652,FULL_PERIOD,Công ty Cổ phần Văn hóa Phương Nam,5000,5500,5550,5557,Truyền thông,Truyền thông,"Sách, ấn bản & sản phẩm văn hóa"
PNJ,HOSE,ACTIVE,1999,symbols_by_exchange,2018-01-02,2025-12-31,1999,698384.8454227113,FULL_PERIOD,Công ty Cổ phần Vàng bạc Đá quý Phú Nhuận,3000,3700,3760,3767,Hàng cá nhân & Gia dụng,Hàng cá nhân,Hàng cá nhân
POW,HOSE,ACTIVE,1950,symbols_by_exchange,2018-03-06,2025-12-31,1950,8161831.264102564,FULL_PERIOD,Tổng Công ty Điện lực Dầu khí Việt Nam - CTCP,7000,7500,7530,7535,"Điện, nước & xăng dầu khí đốt",Sản xuất & Phân phối Điện,Sản xuất & Phân phối Điện
PPC,HOSE,ACTIVE,1999,symbols_by_exchange,2018-01-02,2025-12-31,1999,316712.1740870435,FULL_PERIOD,Công ty Cổ phần Nhiệt điện Phả Lại,7000,7500,7530,7535,"Điện, nước & xăng dầu khí đốt",Sản xuất & Phân phối Điện,Sản xuất & Phân phối Điện
PTB,HOSE,ACTIVE,1999,symbols_by_exchange,2018-01-02,2025-12-31,1999,206768.96198099048,FULL_PERIOD,Công ty Cổ phần Phú Tài,1000,1700,1730,1733,Tài nguyên Cơ bản,Lâm nghiệp và Giấy,Lâm sản và Chế biến gỗ
PTC,HOSE,ACTIVE,1999,symbols_by_exchange,2018-01-02,2025-12-31,1999,67560.67083541771,FULL_PERIOD,Công ty Cổ phần Đầu tư ICAPITAL,2000,2300,2350,2357,Xây dựng và Vật liệu,Xây dựng và Vật liệu,Xây dựng
PTL,HOSE,ACTIVE,1999,symbols_by_exchange,2018-01-02,2025-12-31,1999,188599.1515757879,FULL_PERIOD,Công ty Cổ phần Victory Group,8000,8600,8630,8633,Bất động sản,Bất động sản,Bất động sản
PVD,HOSE,ACTIVE,1999,symbols_by_exchange,2018-01-02,2025-12-31,1999,5448588.230115058,FULL_PERIOD,Tổng Công ty Cổ phần Khoan và Dịch vụ khoan Dầu khí,0001,0500,0570,0573,Dầu khí,"Thiết bị, Dịch vụ và Phân phối Dầu khí",Thiết bị và Dịch vụ Dầu khí
PVP,HOSE,ACTIVE,1967,symbols_by_exchange,2018-01-02,2025-12-31,1967,287467.7585155058,FULL_PERIOD,Công ty Cổ phần Vận tải Dầu khí Thái Bình Dương,2000,2700,2770,2779,Hàng & Dịch vụ Công nghiệp,Vận tải,Dịch vụ vận tải
PVT,HOSE,ACTIVE,1999,symbols_by_exchange,2018-01-02,2025-12-31,1999,2533337.844422211,FULL_PERIOD,Tổng Công ty Cổ phần Vận tải Dầu khí,2000,2700,2770,2773,Hàng & Dịch vụ Công nghiệp,Vận tải,Vận tải Thủy
QCG,HOSE,ACTIVE,1999,symbols_by_exchange,2018-01-02,2025-12-31,1999,884166.9139569785,FULL_PERIOD,Công ty Cổ phần Quốc Cường Gia Lai,8000,8600,8630,8633,Bất động sản,Bất động sản,Bất động sản
QNP,HOSE,ACTIVE,474,symbols_by_exchange,2024-01-18,2025-12-31,474,6509.7594936708865,IPO_DURING_PERIOD,Công ty Cổ phần Cảng Quy Nhơn,2000,2700,2770,2777,Hàng & Dịch vụ Công nghiệp,Vận tải,"Kho bãi, hậu cần và bảo dưỡng"
RAL,HOSE,ACTIVE,1999,symbols_by_exchange,2018-01-02,2025-12-31,1999,17921.803901950974,FULL_PERIOD,Công ty Cổ phần Bóng đèn Phích nước Rạng Đông,3000,3700,3720,3726,Hàng cá nhân & Gia dụng,Hàng gia dụng,Thiết bị gia dụng
REE,HOSE,ACTIVE,1999,symbols_by_exchange,2018-01-02,2025-12-31,1999,719626.5512756378,FULL_PERIOD,Công ty Cổ phần Cơ điện Lạnh,7000,7500,7530,7535,"Điện, nước & xăng dầu khí đốt",Sản xuất & Phân phối Điện,Sản xuất & Phân phối Điện
RYG,HOSE,ACTIVE,253,symbols_by_exchange,2024-12-12,2025-12-31,253,182721.73913043478,IPO_DURING_PERIOD,Công ty Cổ phần Sản xuất và Đầu tư Hoàng Gia,2000,2300,2350,2353,Xây dựng và Vật liệu,Xây dựng và Vật liệu,Vật liệu xây dựng & Nội thất
S4A,HOSE,ACTIVE,1999,symbols_by_exchange,2018-01-02,2025-12-31,1999,2332.0530265132566,FULL_PERIOD,Công ty Cổ phần Thủy điện Sê San 4A,7000,7500,7530,7535,"Điện, nước & xăng dầu khí đốt",Sản xuất & Phân phối Điện,Sản xuất & Phân phối Điện
SAB,HOSE,ACTIVE,1999,symbols_by_exchange,2018-01-02,2025-12-31,1999,357846.6583291646,FULL_PERIOD,Tổng Công ty Cổ phần Bia - Rượu - Nước Giải khát Sài Gòn,3000,3500,3530,3533,Thực phẩm và đồ uống,Bia và đồ uống,Sản xuất bia
SAM,HOSE,ACTIVE,1999,symbols_by_exchange,2018-01-02,2025-12-31,1999,703922.5307653827,FULL_PERIOD,Công ty Cổ phần SAM Holdings,9000,9500,9570,9578,Công nghệ Thông tin,Thiết bị và Phần cứng,Thiết bị viễn thông
SAP,HOSE,DELISTED,1526,cross_check,2018-01-02,2025-12-15,1526,149.32306684141545,DELISTED,,,,,,,,
SAV,HOSE,ACTIVE,1989,symbols_by_exchange,2018-01-02,2025-12-31,1989,42632.82252388135,FULL_PERIOD,Công ty Cổ phần Hợp tác Kinh tế và Xuất nhập khẩu Savimex,1000,1700,1730,1733,Tài nguyên Cơ bản,Lâm nghiệp và Giấy,Lâm sản và Chế biến gỗ
SBA,HOSE,ACTIVE,1991,symbols_by_exchange,2018-01-02,2025-12-31,1991,24021.644902059266,FULL_PERIOD,Công ty Cổ phần Sông Ba,7000,7500,7530,7535,"Điện, nước & xăng dầu khí đốt",Sản xuất & Phân phối Điện,Sản xuất & Phân phối Điện
SBG,HOSE,ACTIVE,520,symbols_by_exchange,2023-12-01,2025-12-31,520,259966.1653846154,IPO_DURING_PERIOD,Công ty Cổ Phần Tập Đoàn Cơ Khí Công Nghệ Cao Siba,2000,2700,2720,2727,Hàng & Dịch vụ Công nghiệp,Hàng công nghiệp,Công nghiệp phức hợp
SBT,HOSE,ACTIVE,1999,symbols_by_exchange,2018-01-02,2025-12-31,1999,2816769.6258129063,FULL_PERIOD,Công ty Cổ phần Thành Thành Công - Biên Hòa,3000,3500,3570,3577,Thực phẩm và đồ uống,Sản xuất thực phẩm,Thực phẩm
SBV,HOSE,ACTIVE,1999,symbols_by_exchange,2018-01-02,2025-12-31,1999,29765.430715357677,FULL_PERIOD,Công ty Cổ phần Siam Brothers Việt Nam,5000,5300,5370,5379,Bán lẻ,Bán lẻ,Phân phối hàng chuyên dụng
SC5,HOSE,ACTIVE,1862,symbols_by_exchange,2018-01-02,2025-12-31,1862,2225.2878625134263,FULL_PERIOD,Công ty Cổ phần Xây dựng số 5,2000,2300,2350,2357,Xây dựng và Vật liệu,Xây dựng và Vật liệu,Xây dựng
SCR,HOSE,ACTIVE,1999,symbols_by_exchange,2018-01-02,2025-12-31,1999,4522802.708354177,FULL_PERIOD,Công ty Cổ phần Địa Ốc Sài Gòn Thương Tín,8000,8600,8630,8633,Bất động sản,Bất động sản,Bất động sản
SCS,HOSE,ACTIVE,1991,symbols_by_exchange,2018-01-02,2025-12-31,1991,86170.37920642893,FULL_PERIOD,Công ty Cổ phần Dịch vụ Hàng hóa Sài Gòn,5000,5700,5750,5751,Du lịch và Giải trí,Du lịch & Giải trí,Hàng không
SDB,HOSE,DELISTED,1613,cross_check,2018-01-02,2024-07-25,1613,1478.1642901425914,DELISTED,,,,,,,,
SFC,HOSE,ACTIVE,1990,symbols_by_exchange,2018-01-02,2025-12-31,1990,1228.677889447236,FULL_PERIOD,Công ty Cổ phần Nhiên liệu Sài Gòn,7000,7500,7570,7573,"Điện, nước & xăng dầu khí đốt",Nước & Khí đốt,Phân phối xăng dầu & khí đốt
SFG,HOSE,ACTIVE,1985,symbols_by_exchange,2018-01-02,2025-12-30,1985,35651.92493702771,FULL_PERIOD,Công ty Cổ phần Phân bón Miền Nam,1000,1300,1350,1357,Hóa chất,Hóa chất,"Sản phẩm hóa dầu, Nông dược & Hóa chất khác"
SFI,HOSE,ACTIVE,1995,symbols_by_exchange,2018-01-02,2025-12-30,1995,8242.435087719297,FULL_PERIOD,Công ty Cổ phần Đại lý Vận tải SAFI,2000,2700,2770,2773,Hàng & Dịch vụ Công nghiệp,Vận tải,Vận tải Thủy
SGN,HOSE,ACTIVE,1992,symbols_by_exchange,2018-01-02,2025-12-31,1992,11787.57580321285,FULL_PERIOD,Công ty Cổ phần Phục vụ mặt đất Sài Gòn,2000,2700,2770,2777,Hàng & Dịch vụ Công nghiệp,Vận tải,"Kho bãi, hậu cần và bảo dưỡng"
SGR,HOSE,ACTIVE,1994,symbols_by_exchange,2018-01-02,2025-12-31,1994,86371.72868605818,FULL_PERIOD,Công ty Cổ phần Tổng Công ty Cổ phần Địa ốc Sài Gòn,8000,8600,8630,8633,Bất động sản,Bất động sản,Bất động sản
SGT,HOSE,ACTIVE,1998,symbols_by_exchange,2018-01-02,2025-12-31,1998,76080.23573573574,FULL_PERIOD,Công ty Cổ phần Công nghệ Viễn thông Sài Gòn,9000,9500,9530,9535,Công nghệ Thông tin,Phần mềm & Dịch vụ Máy tính,Internet
SHA,HOSE,ACTIVE,1998,symbols_by_exchange,2018-01-02,2025-12-31,1998,56997.43893893894,FULL_PERIOD,Công ty Cổ phần Sơn Hà Sài Gòn,1000,1700,1750,1757,Tài nguyên Cơ bản,Kim loại,Thép và sản phẩm thép
SHB,HOSE,ACTIVE,1996,symbols_by_exchange,2018-01-02,2025-12-31,1996,20440459.030561123,FULL_PERIOD,Ngân hàng Thương mại Cổ phần Sài Gòn – Hà Nội,8301,8300,8350,8355,Ngân hàng,Ngân hàng,Ngân hàng
SHI,HOSE,ACTIVE,1999,symbols_by_exchange,2018-01-02,2025-12-31,1999,542035.3981990996,FULL_PERIOD,Công ty Cổ phần Quốc tế Sơn Hà,1000,1700,1750,1757,Tài nguyên Cơ bản,Kim loại,Thép và sản phẩm thép
SHP,HOSE,ACTIVE,1998,symbols_by_exchange,2018-01-02,2025-12-31,1998,10230.098598598599,FULL_PERIOD,Công ty Cổ phần Thủy điện Miền Nam,7000,7500,7530,7535,"Điện, nước & xăng dầu khí đốt",Sản xuất & Phân phối Điện,Sản xuất & Phân phối Điện
SIP,HOSE,ACTIVE,1640,symbols_by_exchange,2019-06-06,2025-12-31,1640,200119.66585365855,FULL_PERIOD,Công ty Cổ phần Đầu tư Sài Gòn VRG,8000,8600,8630,8633,Bất động sản,Bất động sản,Bất động sản
SJD,HOSE,ACTIVE,1999,symbols_by_exchange,2018-01-02,2025-12-31,1999,101868.28164082041,FULL_PERIOD,Công ty Cổ phần Thủy điện Cần Đơn,7000,7500,7530,7535,"Điện, nước & xăng dầu khí đốt",Sản xuất & Phân phối Điện,Sản xuất & Phân phối Điện
SJS,HOSE,ACTIVE,1999,symbols_by_exchange,2018-01-02,2025-12-31,1999,118339.59629814907,FULL_PERIOD,Công ty Cổ phần SJ Group,8000,8600,8630,8633,Bất động sản,Bất động sản,Bất động sản
SKG,HOSE,ACTIVE,1999,symbols_by_exchange,2018-01-02,2025-12-31,1999,348566.75987993996,FULL_PERIOD,Công ty Cổ phần Tàu Cao tốc Superdong - Kiên Giang,5000,5700,5750,5759,Du lịch và Giải trí,Du lịch & Giải trí,Vận tải hành khách & Du lịch
SMA,HOSE,ACTIVE,1984,symbols_by_exchange,2018-01-02,2025-12-31,1984,7178.288306451613,FULL_PERIOD,Công ty Cổ phần Thiết bị Phụ tùng Sài Gòn,7000,7500,7530,7535,"Điện, nước & xăng dầu khí đốt",Sản xuất & Phân phối Điện,Sản xuất & Phân phối Điện
SMB,HOSE,ACTIVE,1985,symbols_by_exchange,2018-01-02,2025-12-31,1985,18852.572795969772,FULL_PERIOD,Công ty Cổ phần Bia Sài Gòn - Miền Trung,3000,3500,3530,3533,Thực phẩm và đồ uống,Bia và đồ uống,Sản xuất bia
SMC,HOSE,ACTIVE,1999,symbols_by_exchange,2018-01-02,2025-12-31,1999,409531.18209104554,FULL_PERIOD,Công ty Cổ phần Đầu tư Thương mại SMC,1000,1700,1750,1757,Tài nguyên Cơ bản,Kim loại,Thép và sản phẩm thép
SPM,HOSE,ACTIVE,1994,symbols_by_exchange,2018-01-02,2025-12-31,1994,3457.228184553661,FULL_PERIOD,Công ty Cổ phần S.P.M,4000,4500,4570,4577,Y tế,Dược phẩm,Dược phẩm
SRC,HOSE,ACTIVE,1974,symbols_by_exchange,2018-01-02,2025-12-31,1974,22413.25126646403,FULL_PERIOD,Công ty Cổ phần Cao su Sao Vàng,3000,3300,3350,3357,Ô tô và phụ tùng,Ô tô và phụ tùng,Lốp xe
SRF,HOSE,ACTIVE,1982,symbols_by_exchange,2018-01-02,2025-12-31,1982,12277.400605449042,FULL_PERIOD,Công ty Cổ phần Searefico,2000,2700,2750,2757,Hàng & Dịch vụ Công nghiệp,Công nghiệp nặng,Máy công nghiệp
SSB,HOSE,ACTIVE,1195,symbols_by_exchange,2021-03-24,2025-12-31,1195,1889592.1447698744,IPO_DURING_PERIOD,Ngân hàng Thương mại Cổ phần Đông Nam Á,8301,8300,8350,8355,Ngân hàng,Ngân hàng,Ngân hàng
SSC,HOSE,ACTIVE,1939,symbols_by_exchange,2018-01-02,2025-12-31,1939,624.3651366683857,FULL_PERIOD,Công ty Cổ phần Giống cây trồng Miền Nam,3000,3500,3570,3573,Thực phẩm và đồ uống,Sản xuất thực phẩm,Nuôi trồng nông & hải sản
SSI,HOSE,ACTIVE,1999,symbols_by_exchange,2018-01-02,2025-12-31,1999,13887048.472236117,FULL_PERIOD,Công ty Cổ phần Chứng khoán SSI,8000,8700,8770,8777,Dịch vụ tài chính,Dịch vụ tài chính,Môi giới chứng khoán
ST8,HOSE,ACTIVE,1998,symbols_by_exchange,2018-01-02,2025-12-31,1998,183595.76726726728,FULL_PERIOD,Công ty Cổ phần Tập đoàn ST8,9000,9500,9570,9574,Công nghệ Thông tin,Thiết bị và Phần cứng,Thiết bị văn phòng
STB,HOSE,ACTIVE,1999,symbols_by_exchange,2018-01-02,2025-12-31,1999,14486994.019509755,FULL_PERIOD,Ngân hàng Thương mại Cổ phần Sài Gòn Thương Tín,8301,8300,8350,8355,Ngân hàng,Ngân hàng,Ngân hàng
STG,HOSE,ACTIVE,1844,symbols_by_exchange,2018-01-02,2025-12-29,1844,15896.480477223427,FULL_PERIOD,Công ty Cổ phần Kho Vận Miền Nam,2000,2700,2770,2777,Hàng & Dịch vụ Công nghiệp,Vận tải,"Kho bãi, hậu cần và bảo dưỡng"
STK,HOSE,ACTIVE,1998,symbols_by_exchange,2018-01-02,2025-12-31,1998,69481.63113113113,FULL_PERIOD,Công ty Cổ phần Sợi Thế Kỷ,3000,3700,3760,3763,Hàng cá nhân & Gia dụng,Hàng cá nhân,Hàng May mặc
SVC,HOSE,ACTIVE,1995,symbols_by_exchange,2018-01-02,2025-12-31,1995,5841.624060150376,FULL_PERIOD,Công ty Cổ phần Dịch vụ tổng hợp Sài Gòn,3000,3300,3350,3353,Ô tô và phụ tùng,Ô tô và phụ tùng,Sản xuất ô tô
SVD,HOSE,ACTIVE,1226,symbols_by_exchange,2021-02-02,2025-12-31,1226,102993.27650897227,IPO_DURING_PERIOD,Công ty Cổ phần Đầu tư & Thương mại Vũ Đăng,3000,3700,3760,3763,Hàng cá nhân & Gia dụng,Hàng cá nhân,Hàng May mặc
SVI,HOSE,ACTIVE,1783,symbols_by_exchange,2018-01-02,2025-12-31,1783,6787.506449803702,FULL_PERIOD,Công ty Cổ phần Bao bì Biên Hòa,2000,2700,2720,2723,Hàng & Dịch vụ Công nghiệp,Hàng công nghiệp,Containers & Đóng gói
SVT,HOSE,ACTIVE,1996,symbols_by_exchange,2018-01-02,2025-12-31,1996,17138.146793587173,FULL_PERIOD,Công ty Cổ phần Công nghệ Sài Gòn Viễn Đông,5000,5300,5370,5377,Bán lẻ,Bán lẻ,Dịch vụ tiêu dùng chuyên ngành
SZC,HOSE,ACTIVE,1740,symbols_by_exchange,2019-01-15,2025-12-31,1740,1159568.633908046,FULL_PERIOD,Công ty Cổ phần Sonadezi Châu Đức,8000,8600,8630,8633,Bất động sản,Bất động sản,Bất động sản
SZL,HOSE,ACTIVE,1994,symbols_by_exchange,2018-01-02,2025-12-31,1994,23135.581745235708,FULL_PERIOD,Công ty Cổ phần Sonadezi Long Thành,8000,8600,8630,8633,Bất động sản,Bất động sản,Bất động sản
TAL,HOSE,ACTIVE,486,symbols_by_exchange,2024-01-09,2025-12-31,486,230009.95267489713,IPO_DURING_PERIOD,Công Ty Cổ Phần Đầu Tư Bất Động Sản Taseco,8000,8600,8630,8633,Bất động sản,Bất động sản,Bất động sản
TBC,HOSE,ACTIVE,1999,symbols_by_exchange,2018-01-02,2025-12-31,1999,6005.642821410705,FULL_PERIOD,Công ty Cổ phần Thủy điện Thác Bà,7000,7500,7530,7535,"Điện, nước & xăng dầu khí đốt",Sản xuất & Phân phối Điện,Sản xuất & Phân phối Điện
TCB,HOSE,ACTIVE,1898,symbols_by_exchange,2018-06-04,2025-12-31,1898,8643179.602739725,FULL_PERIOD,Ngân hàng Thương mại Cổ phần Kỹ thương Việt Nam,8301,8300,8350,8355,Ngân hàng,Ngân hàng,Ngân hàng
TCD,HOSE,ACTIVE,1939,symbols_by_exchange,2018-01-02,2025-10-08,1939,780428.1454357917,FULL_PERIOD,Công ty cổ phần Tập đoàn Xây dựng Tracodi,2000,2300,2350,2357,Xây dựng và Vật liệu,Xây dựng và Vật liệu,Xây dựng
TCH,HOSE,ACTIVE,1999,symbols_by_exchange,2018-01-02,2025-12-31,1999,5787145.190595298,FULL_PERIOD,Công ty Cổ phần Đầu tư Dịch vụ Tài chính Hoàng Huy,8000,8600,8630,8633,Bất động sản,Bất động sản,Bất động sản
TCI,HOSE,ACTIVE,1734,symbols_by_exchange,2018-09-05,2025-12-31,1734,298146.907727797,FULL_PERIOD,Công ty Cổ phần Chứng khoán Thành Công,8000,8700,8770,8777,Dịch vụ tài chính,Dịch vụ tài chính,Môi giới chứng khoán
TCL,HOSE,ACTIVE,1999,symbols_by_exchange,2018-01-02,2025-12-31,1999,82315.73836918459,FULL_PERIOD,Công ty Cổ phần Đại lý Giao nhận Vận tải Xếp dỡ Tân Cảng,2000,2700,2770,2779,Hàng & Dịch vụ Công nghiệp,Vận tải,Dịch vụ vận tải
TCM,HOSE,ACTIVE,1999,symbols_by_exchange,2018-01-02,2025-12-31,1999,963149.9889944972,FULL_PERIOD,Công ty Cổ phần Dệt may - Đầu tư - Thương mại Thành Công,3000,3700,3760,3763,Hàng cá nhân & Gia dụng,Hàng cá nhân,Hàng May mặc
TCO,HOSE,ACTIVE,1999,symbols_by_exchange,2018-01-02,2025-12-31,1999,114403.66533266634,FULL_PERIOD,Công ty Cổ phần TCO Holdings,3000,3500,3570,3573,Thực phẩm và đồ uống,Sản xuất thực phẩm,Nuôi trồng nông & hải sản
TCR,HOSE,ACTIVE,1955,symbols_by_exchange,2018-01-02,2025-12-31,1955,9934.308439897699,FULL_PERIOD,Công ty Cổ phần Công nghiệp Gốm sứ TAICERA,2000,2300,2350,2353,Xây dựng và Vật liệu,Xây dựng và Vật liệu,Vật liệu xây dựng & Nội thất
TCT,HOSE,ACTIVE,1991,symbols_by_exchange,2018-01-02,2025-12-31,1991,13739.145153189353,FULL_PERIOD,Công ty Cổ phần Cáp treo Núi Bà Tây Ninh,5000,5700,5750,5759,Du lịch và Giải trí,Du lịch & Giải trí,Vận tải hành khách & Du lịch
TCX,HOSE,ACTIVE,52,symbols_by_exchange,2025-10-21,2025-12-31,52,2435878.846153846,IPO_DURING_PERIOD,Công ty Cổ phần Chứng khoán Kỹ Thương,8000,8700,8770,8777,Dịch vụ tài chính,Dịch vụ tài chính,Môi giới chứng khoán
TDC,HOSE,ACTIVE,1999,symbols_by_exchange,2018-01-02,2025-12-31,1999,603873.8714357179,FULL_PERIOD,Công ty Cổ phần Kinh doanh và Phát triển Bình Dương,8000,8600,8630,8637,Bất động sản,Bất động sản,"Tư Vấn, Định giá, Môi giới Bất động sản"
TDG,HOSE,ACTIVE,1999,symbols_by_exchange,2018-01-02,2025-12-31,1999,314305.33316658327,FULL_PERIOD,Công ty Cổ phần Đầu tư TDG Global,7000,7500,7570,7573,"Điện, nước & xăng dầu khí đốt",Nước & Khí đốt,Phân phối xăng dầu & khí đốt
TDH,HOSE,ACTIVE,1999,symbols_by_exchange,2018-01-02,2025-12-31,1999,800058.1090545272,FULL_PERIOD,Công ty Cổ phần Phát triển Nhà Thủ Đức,8000,8600,8630,8633,Bất động sản,Bất động sản,Bất động sản
TDM,HOSE,ACTIVE,1972,symbols_by_exchange,2018-01-02,2025-12-31,1972,172490.95385395538,FULL_PERIOD,Công ty Cổ phần Nước Thủ Dầu Một,7000,7500,7570,7577,"Điện, nước & xăng dầu khí đốt",Nước & Khí đốt,Nước
TDP,HOSE,ACTIVE,1652,symbols_by_exchange,2018-11-12,2025-12-31,1652,92249.8069007264,FULL_PERIOD,Công ty Cổ phần Thuận Đức,2000,2700,2720,2723,Hàng & Dịch vụ Công nghiệp,Hàng công nghiệp,Containers & Đóng gói
TDW,HOSE,ACTIVE,1965,symbols_by_exchange,2018-01-02,2025-12-31,1965,437.35979643765904,FULL_PERIOD,Công ty Cổ phần Cấp nước Thủ Đức,7000,7500,7570,7577,"Điện, nước & xăng dầu khí đốt",Nước & Khí đốt,Nước
TEG,HOSE,ACTIVE,1986,symbols_by_exchange,2018-01-02,2025-12-31,1986,136129.74672708963,FULL_PERIOD,Công ty Cổ phần Trường Thành Energy Group,8000,8600,8630,8633,Bất động sản,Bất động sản,Bất động sản
TEL,HOSE,DELISTED,1748,cross_check,2018-01-02,2025-10-23,1748,3529.2202517162473,DELISTED,,,,,,,,
THG,HOSE,ACTIVE,1999,symbols_by_exchange,2018-01-02,2025-12-31,1999,27981.422711355677,FULL_PERIOD,Công ty Cổ phần Đầu tư và Xây dựng Tiền Giang,2000,2300,2350,2353,Xây dựng và Vật liệu,Xây dựng và Vật liệu,Vật liệu xây dựng & Nội thất
TIP,HOSE,ACTIVE,1999,symbols_by_exchange,2018-01-02,2025-12-31,1999,167920.17108554277,FULL_PERIOD,Công ty Cổ phần Phát triển Khu công nghiệp Tín Nghĩa,8000,8600,8630,8633,Bất động sản,Bất động sản,Bất động sản
TIX,HOSE,ACTIVE,1986,symbols_by_exchange,2018-01-02,2025-12-30,1986,2035.202416918429,FULL_PERIOD,Công ty Cổ phần Sản xuất Kinh doanh Xuất nhập khẩu Dịch vụ và Đầu tư Tân Bình,8000,8600,8630,8633,Bất động sản,Bất động sản,Bất động sản
TLD,HOSE,ACTIVE,1999,symbols_by_exchange,2018-01-02,2025-12-31,1999,415301.84092046024,FULL_PERIOD,Công ty Cổ phần Đầu tư Xây dựng và Phát triển Đô thị Thăng Long,2000,2300,2350,2353,Xây dựng và Vật liệu,Xây dựng và Vật liệu,Vật liệu xây dựng & Nội thất
TLG,HOSE,ACTIVE,1999,symbols_by_exchange,2018-01-02,2025-12-31,1999,122216.76438219109,FULL_PERIOD,Công ty Cổ phần Tập đoàn Thiên Long,3000,3700,3720,3724,Hàng cá nhân & Gia dụng,Hàng gia dụng,Đồ gia dụng một lần
TLH,HOSE,ACTIVE,1999,symbols_by_exchange,2018-01-02,2025-12-31,1999,804586.4342171085,FULL_PERIOD,Công ty Cổ phần Tập đoàn Thép Tiến Lên,1000,1700,1750,1757,Tài nguyên Cơ bản,Kim loại,Thép và sản phẩm thép
TMP,HOSE,ACTIVE,1999,symbols_by_exchange,2018-01-02,2025-12-31,1999,2913.0110055027512,FULL_PERIOD,Công ty Cổ phần Thủy điện Thác Mơ,7000,7500,7530,7535,"Điện, nước & xăng dầu khí đốt",Sản xuất & Phân phối Điện,Sản xuất & Phân phối Điện
TMS,HOSE,ACTIVE,1998,symbols_by_exchange,2018-01-02,2025-12-31,1998,20300.482982982983,FULL_PERIOD,Công ty Cổ phần Transimex,2000,2700,2770,2777,Hàng & Dịch vụ Công nghiệp,Vận tải,"Kho bãi, hậu cần và bảo dưỡng"
TMT,HOSE,ACTIVE,1998,symbols_by_exchange,2018-01-02,2025-12-31,1998,24294.185685685687,FULL_PERIOD,Công ty Cổ phần Ô tô TMT,3000,3300,3350,3353,Ô tô và phụ tùng,Ô tô và phụ tùng,Sản xuất ô tô
TN1,HOSE,ACTIVE,1651,symbols_by_exchange,2019-05-30,2025-12-31,1651,6180.680193821926,FULL_PERIOD,Công ty Cổ phần Rox Key Holdings,8000,8600,8630,8633,Bất động sản,Bất động sản,Bất động sản
TNC,HOSE,ACTIVE,1973,symbols_by_exchange,2018-01-02,2025-12-30,1973,4023.6654840344654,FULL_PERIOD,Công ty Cổ phần Cao su Thống Nhất,1000,1300,1350,1353,Hóa chất,Hóa chất,"Nhựa, cao su & sợi"
TNH,HOSE,ACTIVE,1245,symbols_by_exchange,2021-01-06,2025-12-31,1245,442055.4385542169,IPO_DURING_PERIOD,Công ty Cổ phần Tập đoàn Bệnh viện TNH,4000,4500,4530,4533,Y tế,Thiết bị và Dịch vụ Y tế,Chăm sóc y tế
TNI,HOSE,ACTIVE,1999,symbols_by_exchange,2018-01-02,2025-12-31,1999,760105.0745372686,FULL_PERIOD,Công ty Cổ phần Tập đoàn Thành Nam,1000,1700,1750,1757,Tài nguyên Cơ bản,Kim loại,Thép và sản phẩm thép
TNT,HOSE,ACTIVE,1999,symbols_by_exchange,2018-01-02,2025-12-31,1999,268610.40220110054,FULL_PERIOD,Công ty Cổ phần Tập đoàn TNT,2000,2300,2350,2353,Xây dựng và Vật liệu,Xây dựng và Vật liệu,Vật liệu xây dựng & Nội thất
TPB,HOSE,ACTIVE,1927,symbols_by_exchange,2018-04-19,2025-12-31,1927,6076662.155682408,FULL_PERIOD,Ngân hàng Thương mại Cổ phần Tiên Phong,8301,8300,8350,8355,Ngân hàng,Ngân hàng,Ngân hàng
TPC,HOSE,ACTIVE,1890,symbols_by_exchange,2018-01-02,2025-12-31,1890,7727.478306878307,FULL_PERIOD,Công ty Cổ phần Nhựa Tân Đại Hưng,1000,1300,1350,1353,Hóa chất,Hóa chất,"Nhựa, cao su & sợi"
TRA,HOSE,ACTIVE,1999,symbols_by_exchange,2018-01-02,2025-12-31,1999,6805.694347173587,FULL_PERIOD,Công ty Cổ phần Traphaco,4000,4500,4570,4577,Y tế,Dược phẩm,Dược phẩm
TRC,HOSE,ACTIVE,1999,symbols_by_exchange,2018-01-02,2025-12-31,1999,42968.56928464232,FULL_PERIOD,Công ty Cổ phần Cao su Tây Ninh,1000,1300,1350,1353,Hóa chất,Hóa chất,"Nhựa, cao su & sợi"
TSA,HOSE,ACTIVE,361,symbols_by_exchange,2024-06-25,2025-12-25,361,35517.95290858726,IPO_DURING_PERIOD,Công ty Cổ Phần Đầu Tư Và Xây Lắp Trường Sơn,2000,2300,2350,2357,Xây dựng và Vật liệu,Xây dựng và Vật liệu,Xây dựng
TSC,HOSE,ACTIVE,1999,symbols_by_exchange,2018-01-02,2025-12-31,1999,1473228.355677839,FULL_PERIOD,Công ty Cổ phần Vật tư Kỹ thuật Nông nghiệp Cần Thơ,1000,1300,1350,1357,Hóa chất,Hóa chất,"Sản phẩm hóa dầu, Nông dược & Hóa chất khác"
TTA,HOSE,ACTIVE,1322,symbols_by_exchange,2020-09-18,2025-12-31,1322,803899.7821482602,IPO_DURING_PERIOD,Công ty Cổ phần Đầu tư Xây dựng và Phát triển Trường Thành,7000,7500,7530,7535,"Điện, nước & xăng dầu khí đốt",Sản xuất & Phân phối Điện,Sản xuất & Phân phối Điện
TTE,HOSE,ACTIVE,1472,symbols_by_exchange,2018-12-10,2025-12-18,1472,379.9891304347826,FULL_PERIOD,Công ty Cổ phần Đầu tư Năng lượng Trường Thịnh,7000,7500,7530,7535,"Điện, nước & xăng dầu khí đốt",Sản xuất & Phân phối Điện,Sản xuất & Phân phối Điện
TTF,HOSE,ACTIVE,1999,symbols_by_exchange,2018-01-02,2025-12-31,1999,2725295.276138069,FULL_PERIOD,Công ty Cổ phần Tập đoàn Kỹ nghệ Gỗ Trường Thành,1000,1700,1730,1733,Tài nguyên Cơ bản,Lâm nghiệp và Giấy,Lâm sản và Chế biến gỗ
TV2,HOSE,ACTIVE,1992,symbols_by_exchange,2018-01-02,2025-12-31,1992,234485.9031124498,FULL_PERIOD,Công ty Cổ phần Tư vấn Xây dựng Điện 2,2000,2700,2790,2791,Hàng & Dịch vụ Công nghiệp,Tư vấn & Hỗ trợ Kinh doanh,Tư vấn & Hỗ trợ KD
TVB,HOSE,ACTIVE,1989,symbols_by_exchange,2018-01-02,2025-12-31,1989,442593.78230266465,FULL_PERIOD,Công ty Cổ phần Chứng khoán T-Cap,8000,8700,8770,8777,Dịch vụ tài chính,Dịch vụ tài chính,Môi giới chứng khoán
TVS,HOSE,ACTIVE,1999,symbols_by_exchange,2018-01-02,2025-12-31,1999,106749.7483741871,FULL_PERIOD,Công ty Cổ phần Chứng khoán Thiên Việt,8000,8700,8770,8777,Dịch vụ tài chính,Dịch vụ tài chính,Môi giới chứng khoán
TVT,HOSE,ACTIVE,1999,symbols_by_exchange,2018-01-02,2025-12-31,1999,7429.251625812906,FULL_PERIOD,Tổng Công ty Việt Thắng - CTCP,3000,3700,3760,3763,Hàng cá nhân & Gia dụng,Hàng cá nhân,Hàng May mặc
TYA,HOSE,ACTIVE,1993,symbols_by_exchange,2018-01-02,2025-12-31,1993,24657.84746613146,FULL_PERIOD,Công ty Cổ phần Dây và Cáp điện Taya Việt Nam,2000,2700,2730,2733,Hàng & Dịch vụ Công nghiệp,Điện tử & Thiết bị điện,Hàng điện & điện tử
UIC,HOSE,ACTIVE,1949,symbols_by_exchange,2018-01-02,2025-12-31,1949,6643.530528476142,FULL_PERIOD,Công ty Cổ phần Đầu tư Phát triển Nhà và Đô thị IDICO,7000,7500,7530,7535,"Điện, nước & xăng dầu khí đốt",Sản xuất & Phân phối Điện,Sản xuất & Phân phối Điện
VAB,HOSE,ACTIVE,1106,symbols_by_exchange,2021-07-20,2025-12-31,1106,649785.8887884268,IPO_DURING_PERIOD,Ngân hàng Thương mại Cổ phần Việt Á,8301,8300,8350,8355,Ngân hàng,Ngân hàng,Ngân hàng
VAF,HOSE,ACTIVE,1978,symbols_by_exchange,2018-01-02,2025-12-31,1978,3669.537917087968,FULL_PERIOD,Công ty Cổ phần Phân lân nung chảy Văn Điển,1000,1300,1350,1357,Hóa chất,Hóa chất,"Sản phẩm hóa dầu, Nông dược & Hóa chất khác"
VCA,HOSE,ACTIVE,1925,symbols_by_exchange,2018-01-02,2025-12-31,1925,17158.16935064935,FULL_PERIOD,Công ty Cổ phần Thép VICASA - VNSTEEL,1000,1700,1750,1757,Tài nguyên Cơ bản,Kim loại,Thép và sản phẩm thép
VCB,HOSE,ACTIVE,1999,symbols_by_exchange,2018-01-02,2025-12-31,1999,1756519.156578289,FULL_PERIOD,Ngân hàng Thương mại Cổ phần Ngoại thương Việt Nam,8301,8300,8350,8355,Ngân hàng,Ngân hàng,Ngân hàng
VCF,HOSE,ACTIVE,1996,symbols_by_exchange,2018-01-02,2025-12-31,1996,659.3687374749499,FULL_PERIOD,Công ty Cổ phần VinaCafé Biên Hòa,3000,3500,3530,3537,Thực phẩm và đồ uống,Bia và đồ uống,Đồ uống & giải khát
VCG,HOSE,ACTIVE,1994,symbols_by_exchange,2018-01-02,2025-12-31,1994,4402735.907221665,FULL_PERIOD,Tổng Công ty Cổ phần Xuất nhập khẩu và Xây dựng Việt Nam,2000,2300,2350,2357,Xây dựng và Vật liệu,Xây dựng và Vật liệu,Xây dựng
VCI,HOSE,ACTIVE,1999,symbols_by_exchange,2018-01-02,2025-12-31,1999,3801703.751375688,FULL_PERIOD,Công ty Cổ phần Chứng khoán Vietcap,8000,8700,8770,8777,Dịch vụ tài chính,Dịch vụ tài chính,Môi giới chứng khoán
VCK,HOSE,ACTIVE,12,symbols_by_exchange,2025-12-16,2025-12-31,12,3761441.6666666665,IPO_DURING_PERIOD,Công ty Cổ phần Chứng Khoán VPS,8000,8700,8770,8777,Dịch vụ tài chính,Dịch vụ tài chính,Môi giới chứng khoán
VDP,HOSE,ACTIVE,1969,symbols_by_exchange,2018-01-02,2025-12-31,1969,4849.355510411377,FULL_PERIOD,Công ty Cổ phần Dược phẩm Trung ương VIDIPHA,4000,4500,4570,4577,Y tế,Dược phẩm,Dược phẩm
VDS,HOSE,ACTIVE,1999,symbols_by_exchange,2018-01-02,2025-12-31,1999,796447.3161580791,FULL_PERIOD,Công ty Cổ phần Chứng khoán Rồng Việt,8000,8700,8770,8777,Dịch vụ tài chính,Dịch vụ tài chính,Môi giới chứng khoán
VFG,HOSE,ACTIVE,1992,symbols_by_exchange,2018-01-02,2025-12-31,1992,14570.677710843374,FULL_PERIOD,Công ty Cổ phần Khử trùng Việt Nam,1000,1300,1350,1357,Hóa chất,Hóa chất,"Sản phẩm hóa dầu, Nông dược & Hóa chất khác"
VGC,HOSE,ACTIVE,1992,symbols_by_exchange,2018-01-02,2025-12-31,1992,1065103.751004016,FULL_PERIOD,Tổng Công ty Viglacera - Công ty Cổ phần,2000,2300,2350,2353,Xây dựng và Vật liệu,Xây dựng và Vật liệu,Vật liệu xây dựng & Nội thất
VHC,HOSE,ACTIVE,1999,symbols_by_exchange,2018-01-02,2025-12-31,1999,799051.715857929,FULL_PERIOD,Công ty Cổ phần Vĩnh Hoàn,3000,3500,3570,3573,Thực phẩm và đồ uống,Sản xuất thực phẩm,Nuôi trồng nông & hải sản
VHM,HOSE,ACTIVE,1910,symbols_by_exchange,2018-05-17,2025-12-31,1910,4279108.680104712,FULL_PERIOD,Công ty Cổ phần Vinhomes,8000,8600,8630,8633,Bất động sản,Bất động sản,Bất động sản
VIB,HOSE,ACTIVE,1990,symbols_by_exchange,2018-01-02,2025-12-31,1990,3374089.7567839194,FULL_PERIOD,Ngân hàng Thương mại Cổ phần Quốc tế Việt Nam,8301,8300,8350,8355,Ngân hàng,Ngân hàng,Ngân hàng
VIC,HOSE,ACTIVE,1999,symbols_by_exchange,2018-01-02,2025-12-31,1999,2499341.2221110556,FULL_PERIOD,Tập đoàn Vingroup - Công ty CP,8000,8600,8630,8633,Bất động sản,Bất động sản,Bất động sản
VID,HOSE,ACTIVE,1994,symbols_by_exchange,2018-01-02,2025-12-31,1994,26012.061183550653,FULL_PERIOD,Công ty Cổ phần Đầu tư Phát triển Thương mại Viễn Đông,1000,1700,1730,1737,Tài nguyên Cơ bản,Lâm nghiệp và Giấy,Sản xuất giấy
VIP,HOSE,ACTIVE,1999,symbols_by_exchange,2018-01-02,2025-12-31,1999,369035.3096548274,FULL_PERIOD,Công ty Cổ phần Vận tải Xăng dầu VIPCO,2000,2700,2770,2773,Hàng & Dịch vụ Công nghiệp,Vận tải,Vận tải Thủy
VIX,HOSE,ACTIVE,1992,symbols_by_exchange,2018-01-02,2025-12-31,1992,12698410.153614458,FULL_PERIOD,Công ty Cổ phần Chứng khoán VIX,8000,8700,8770,8777,Dịch vụ tài chính,Dịch vụ tài chính,Môi giới chứng khoán
VJC,HOSE,ACTIVE,1999,symbols_by_exchange,2018-01-02,2025-12-31,1999,755843.535767884,FULL_PERIOD,Công ty Cổ phần Hàng không Vietjet,5000,5700,5750,5751,Du lịch và Giải trí,Du lịch & Giải trí,Hàng không
VLF,HOSE,DELISTED,1685,cross_check,2018-01-02,2025-12-26,1685,18967.772106824927,DELISTED,,,,,,,,
VMD,HOSE,ACTIVE,1967,symbols_by_exchange,2018-01-02,2025-12-31,1967,11590.77732587697,FULL_PERIOD,Công ty Cổ phần Y Dược phẩm Vimedimex,4000,4500,4570,4577,Y tế,Dược phẩm,Dược phẩm
VND,HOSE,ACTIVE,1992,symbols_by_exchange,2018-01-02,2025-12-31,1992,11785206.607429719,FULL_PERIOD,Công ty Cổ phần Chứng khoán VNDIRECT,8000,8700,8770,8777,Dịch vụ tài chính,Dịch vụ tài chính,Môi giới chứng khoán
VNE,HOSE,ACTIVE,1999,symbols_by_exchange,2018-01-02,2025-12-31,1999,380626.63631815906,FULL_PERIOD,Tổng Công ty Cổ phần Xây dựng điện Việt Nam,2000,2300,2350,2357,Xây dựng và Vật liệu,Xây dựng và Vật liệu,Xây dựng
VNG,HOSE,ACTIVE,1989,symbols_by_exchange,2018-01-02,2025-12-31,1989,155195.6742081448,FULL_PERIOD,Công ty Cổ phần Du Lịch Thành Thành Công,5000,5700,5750,5753,Du lịch và Giải trí,Du lịch & Giải trí,Khách sạn
VNL,HOSE,ACTIVE,1999,symbols_by_exchange,2018-01-02,2025-12-31,1999,16325.293146573287,FULL_PERIOD,Công ty Cổ phần Logistics Vinalink,2000,2700,2770,2779,Hàng & Dịch vụ Công nghiệp,Vận tải,Dịch vụ vận tải
VNM,HOSE,ACTIVE,1999,symbols_by_exchange,2018-01-02,2025-12-31,1999,2422154.0860430216,FULL_PERIOD,Công ty Cổ phần Sữa Việt Nam,3000,3500,3570,3577,Thực phẩm và đồ uống,Sản xuất thực phẩm,Thực phẩm
VNS,HOSE,ACTIVE,1998,symbols_by_exchange,2018-01-02,2025-12-31,1998,35930.14164164164,FULL_PERIOD,Công ty Cổ phần Ánh Dương Việt Nam,5000,5700,5750,5759,Du lịch và Giải trí,Du lịch & Giải trí,Vận tải hành khách & Du lịch
VOC,HOSE,DELISTED,1985,cross_check,2018-01-02,2025-12-31,1985,100805.84332493703,DELISTED,,,,,,,,
VOS,HOSE,ACTIVE,1999,symbols_by_exchange,2018-01-02,2025-12-31,1999,1456356.8334167083,FULL_PERIOD,Công ty Cổ phần Vận tải Biển Việt Nam,2000,2700,2770,2773,Hàng & Dịch vụ Công nghiệp,Vận tải,Vận tải Thủy
VPB,HOSE,ACTIVE,1999,symbols_by_exchange,2018-01-02,2025-12-31,1999,12778355.72136068,FULL_PERIOD,Ngân hàng Thương mại Cổ phần Việt Nam Thịnh Vượng,8301,8300,8350,8355,Ngân hàng,Ngân hàng,Ngân hàng
VPD,HOSE,ACTIVE,1993,symbols_by_exchange,2018-01-02,2025-12-31,1993,26151.638233818365,FULL_PERIOD,Công ty Cổ phần Phát triển Điện lực Việt Nam,7000,7500,7530,7535,"Điện, nước & xăng dầu khí đốt",Sản xuất & Phân phối Điện,Sản xuất & Phân phối Điện
VPG,HOSE,ACTIVE,1987,symbols_by_exchange,2018-01-18,2025-12-31,1987,708318.7297433317,FULL_PERIOD,Công ty Cổ phần Đầu tư Thương mại Xuất nhập khẩu Việt Phát,1000,1700,1770,1775,Tài nguyên Cơ bản,Khai khoáng,Khai khoáng
VPH,HOSE,ACTIVE,1999,symbols_by_exchange,2018-01-02,2025-12-31,1999,279884.87493746873,FULL_PERIOD,Công ty Cổ phần Vạn Phát Hưng,8000,8600,8630,8633,Bất động sản,Bất động sản,Bất động sản
VPI,HOSE,ACTIVE,1992,symbols_by_exchange,2018-01-02,2025-12-31,1992,921530.3785140562,FULL_PERIOD,Công ty Cổ phần Phát triển Bất động sản Văn Phú,8000,8600,8630,8633,Bất động sản,Bất động sản,Bất động sản
VPL,HOSE,ACTIVE,165,symbols_by_exchange,2025-05-13,2025-12-31,165,577962.4242424242,IPO_DURING_PERIOD,Công ty Cổ phần Vinpearl,5000,5700,5750,5755,Du lịch và Giải trí,Du lịch & Giải trí,Dịch vụ giải trí
VPS,HOSE,ACTIVE,1997,symbols_by_exchange,2018-01-02,2025-12-31,1997,8147.4036054081125,FULL_PERIOD,Công ty Cổ phần Thuốc sát trùng Việt Nam,1000,1300,1350,1357,Hóa chất,Hóa chất,"Sản phẩm hóa dầu, Nông dược & Hóa chất khác"
VPX,HOSE,ACTIVE,15,symbols_by_exchange,2025-12-11,2025-12-31,15,3043373.3333333335,IPO_DURING_PERIOD,Công ty Cổ phần Chứng khoán VPBank,8000,8700,8770,8777,Dịch vụ tài chính,Dịch vụ tài chính,Môi giới chứng khoán
VRC,HOSE,ACTIVE,1995,symbols_by_exchange,2018-01-02,2025-12-30,1995,230947.01002506266,FULL_PERIOD,Công ty Cổ phần Bất động sản và Đầu tư VRC,8000,8600,8630,8633,Bất động sản,Bất động sản,Bất động sản
VRE,HOSE,ACTIVE,1999,symbols_by_exchange,2018-01-02,2025-12-31,1999,4986146.540770385,FULL_PERIOD,Công ty Cổ phần Vincom Retail,8000,8600,8630,8633,Bất động sản,Bất động sản,Bất động sản
VSC,HOSE,ACTIVE,1999,symbols_by_exchange,2018-01-02,2025-12-31,1999,1949189.7158579289,FULL_PERIOD,Công ty Cổ phần Container Việt Nam,2000,2700,2770,2777,Hàng & Dịch vụ Công nghiệp,Vận tải,"Kho bãi, hậu cần và bảo dưỡng"
VSH,HOSE,ACTIVE,1999,symbols_by_exchange,2018-01-02,2025-12-31,1999,54686.62631315658,FULL_PERIOD,Công ty Cổ phần Thủy điện Vĩnh Sơn - Sông Hinh,7000,7500,7530,7535,"Điện, nước & xăng dầu khí đốt",Sản xuất & Phân phối Điện,Sản xuất & Phân phối Điện
VSI,HOSE,ACTIVE,1999,symbols_by_exchange,2018-01-02,2025-12-31,1999,3430.8999499749875,FULL_PERIOD,Công ty Cổ phần Đầu tư và Xây dựng Cấp thoát nước,2000,2300,2350,2357,Xây dựng và Vật liệu,Xây dựng và Vật liệu,Xây dựng
VTB,HOSE,ACTIVE,1998,symbols_by_exchange,2018-01-02,2025-12-31,1998,7647.583583583583,FULL_PERIOD,Công ty Cổ phần Viettronics Tân Bình,2000,2700,2730,2733,Hàng & Dịch vụ Công nghiệp,Điện tử & Thiết bị điện,Hàng điện & điện tử
VTO,HOSE,ACTIVE,1999,symbols_by_exchange,2018-01-02,2025-12-31,1999,332956.659829915,FULL_PERIOD,Công ty Cổ phần Vận tải Xăng dầu VITACO,2000,2700,2770,2773,Hàng & Dịch vụ Công nghiệp,Vận tải,Vận tải Thủy
VTP,HOSE,ACTIVE,1765,symbols_by_exchange,2018-11-23,2025-12-31,1765,464141.88895184133,FULL_PERIOD,Tổng Công ty Cổ phần Bưu chính Viettel,2000,2700,2770,2771,Hàng & Dịch vụ Công nghiệp,Vận tải,Chuyển phát nhanh
VVS,HOSE,ACTIVE,801,symbols_by_exchange,2022-10-07,2025-12-31,801,16294.888888888889,IPO_DURING_PERIOD,Công ty Cổ phần Đầu tư Phát triển Máy Việt Nam,3000,3300,3350,3353,Ô tô và phụ tùng,Ô tô và phụ tùng,Sản xuất ô tô
YBM,HOSE,ACTIVE,1841,symbols_by_exchange,2018-08-21,2025-12-31,1841,44263.632808256385,FULL_PERIOD,Công ty Cổ phần Khoáng sản Công nghiệp Yên Bái,1000,1700,1770,1775,Tài nguyên Cơ bản,Khai khoáng,Khai khoáng
YEG,HOSE,ACTIVE,1882,symbols_by_exchange,2018-06-26,2025-12-31,1882,795846.3347502657,FULL_PERIOD,Công ty Cổ phần Tập đoàn Yeah1,5000,5500,5550,5553,Truyền thông,Truyền thông,Giải trí & Truyền thông
